number_of_fastfood,zip_code
1,01923
1,02111
1,02916
1,04938
1,05301
1,06492
1,07111
2,10001
3,10002
2,10003
1,10005
1,10006
1,10007
1,10009
2,10010
2,10011
1,10014
1,10016
1,10018
1,10019
1,10022
2,10025
2,10027
2,10029
1,10030
1,10033
1,10034
3,10036
2,10038
1,10039
1,10128
2,1020
1,1027
1,10306
1,10310
1,10314
1,1040
2,10451
1,10452
2,10455
1,10456
3,10457
1,10458
1,10460
3,10461
2,10462
1,10463
1,10465
1,10466
1,10467
1,10469
3,10475
1,10541
1,10550
1,10567
1,10573
1,1060
1,1073
1,10801
1,10901
1,10940
1,10990
1,1104
1,11050
1,1106
1,1109
1,11103
3,11201
2,11203
1,11205
1,11207
3,11208
1,11214
1,11216
1,11220
1,11222
1,11223
1,11233
1,11235
3,11236
1,11237
1,11360
1,11361
1,11364
1,11365
1,11367
2,11373
1,11374
1,11379
1,11415
1,11418
1,11420
1,11427
2,11433
1,11530
1,11550
1,11554
1,11572
1,11580
1,11694
1,11701
1,11722
1,11726
1,11743
1,11756
1,11772
1,11776
1,11780
1,11784
1,11787
1,11792
1,11798
1,11801
1,11967
2,1201
2,12043
1,12110
1,12118
1,12130
1,12180
1,12182
3,12203
1,12205
1,1230
2,1238
1,1240
2,12401
1,12413
1,12453
1,1247
1,12524
1,12538
1,12546
2,12553
1,12701
1,12754
1,12801
1,12834
1,12866
7,12901
1,12953
1,12983
2,13021
1,13027
1,13031
1,13032
1,13039
1,13045
1,13069
1,13090
2,13126
1,13148
1,13208
1,13210
2,13212
1,13219
1,13346
1,13365
5,13421
6,13440
1,13490
1,13492
1,13501
3,13502
2,13601
1,13617
1,13637
3,13662
1,13669
2,13676
1,13753
2,13760
1,13790
1,13815
6,13820
3,13827
2,13850
3,13904
1,13905
2,14043
2,14075
1,14094
1,14141
1,14150
2,1420
1,14207
1,14221
1,14304
3,1432
1,14414
2,14420
1,14445
1,14450
1,14456
2,1453
2,14564
1,14580
1,14606
1,14607
1,14616
1,14620
1,14621
1,14626
1,14701
1,14760
2,14779
1,14843
3,14850
2,14870
1,14891
1,14903
1,15005
1,1501
1,15012
1,15017
1,15034
1,15068
1,15120
1,15122
1,15132
2,15137
1,15222
1,15224
1,15227
4,15235
1,15236
1,15237
1,15238
1,15301
1,15370
1,1540
1,15425
2,1550
4,15501
1,15533
3,15601
2,15642
1,15650
2,15656
1,15668
1,15672
1,15701
1,1581
2,15825
1,15905
1,1601
1,1604
1,16066
2,16127
1,16148
8,16335
1,16401
1,16415
1,16509
2,16652
2,16823
1,16830
1,16866
3,16933
1,1701
3,17013
1,17022
2,17025
1,17038
2,17042
3,17043
3,17044
5,17050
1,17055
1,17067
1,17101
1,17109
1,17110
1,1720
9,17201
2,17202
2,17225
1,17236
3,17257
2,17268
1,17319
2,17325
2,17331
1,17340
1,17401
4,17402
2,17404
1,17512
1,1752
1,17522
1,17545
1,17552
2,17566
1,1757
2,17602
8,17701
1,17702
1,17740
1,17754
2,17756
1,17801
8,17815
2,17821
1,17824
1,17831
5,17837
1,17844
1,17847
1,17866
1,17870
1,17872
1,17876
1,17901
1,17931
1,17963
1,17976
1,1801
2,18015
1,18017
2,1803
1,18032
1,18036
1,18049
1,18052
1,18069
1,18073
1,18078
1,18087
1,18103
1,18109
4,18202
1,1821
1,18229
1,1824
1,18301
1,18321
1,18326
1,18336
1,18337
2,18360
1,18407
2,18411
1,18428
5,1843
1,18436
1,1844
1,18503
1,18508
1,1851
1,1854
1,18612
1,1862
5,18640
1,18644
2,18657
1,18661
1,18701
5,18702
5,18704
1,18705
2,18706
2,18707
1,18708
2,1876
2,1886
1,1890
1,18914
1,18929
1,18951
2,19020
1,19025
1,19047
1,19063
1,19082
1,19102
2,19103
2,19106
1,19107
1,19111
1,19115
1,19121
1,19122
2,19124
1,19128
1,1913
1,19131
1,19134
1,19135
1,19139
1,19147
2,19148
2,1915
1,19150
1,19152
2,19153
2,19154
1,1923
1,19320
1,19341
1,19355
1,19382
1,19401
1,19403
2,19428
1,19446
1,19468
1,19526
1,19530
1,1960
1,19605
2,19606
1,19607
1,19611
1,19702
4,19711
1,19806
1,19808
3,19901
1,19930
2,19934
1,19952
2,19963
4,19966
6,19971
2,19973
2,19975
1,19977
1,19980
1,20001
5,20002
1,20004
1,20005
2,20006
1,20007
1,20008
1,20009
2,20011
1,20015
3,20016
1,20017
1,20020
5,20109
1,20110
1,20115
1,20121
1,20135
2,20151
2,20155
1,20165
1,20166
1,20169
2,20170
2,20171
3,20186
1,20187
1,20194
2,2032
1,2035
3,2038
2,2053
2,20646
3,20650
1,20653
1,20659
2,20678
1,20688
1,20705
1,20714
1,2072
1,20723
1,20733
1,20740
5,20743
1,20745
1,20746
1,20770
2,20772
3,20782
1,20784
2,20785
1,20794
1,20814
1,20817
1,20850
3,20852
1,20855
2,20874
1,20876
3,20877
1,20879
1,20886
1,20901
2,20902
1,20904
2,20906
1,20910
1,21001
2,21015
2,21029
2,21030
1,21042
3,21044
1,21046
1,21060
2,21061
2,21074
2,21075
3,2108
1,21085
2,2109
1,21090
1,21093
1,2110
1,2111
1,21117
2,21122
1,21146
3,21157
4,21204
2,21207
2,21208
1,21210
1,21214
1,21215
1,21221
1,21222
1,21223
1,21227
1,21230
1,21231
1,21234
2,21236
2,21237
1,21244
3,21286
1,2131
2,2132
1,2134
2,21401
1,21409
2,2143
1,2150
4,21502
1,2151
1,21532
3,2155
2,21601
4,2169
1,2170
3,21701
2,21702
2,21703
3,21704
2,2171
5,21740
1,21742
1,21750
1,21771
1,21774
1,21784
5,21801
1,21804
1,2184
8,21842
2,21853
1,21875
1,2189
1,2190
3,21921
1,22015
1,22025
1,22026
3,22031
2,22033
1,22042
1,22046
1,22134
1,2215
1,22150
1,22151
1,22182
2,22191
1,22192
1,22193
1,22202
2,22203
1,22306
1,22315
2,22401
2,22405
1,22406
3,22407
2,22408
1,22427
1,22485
2,22554
1,22556
1,22560
1,22565
3,22601
3,22603
2,22630
1,22645
1,22655
1,22664
4,22701
3,22801
1,22812
3,22835
1,22841
1,22844
3,22901
2,22902
1,22903
2,22911
1,22939
3,22942
1,22960
2,22980
1,23005
1,2301
2,2302
2,23059
2,23060
5,23061
2,23111
6,23112
2,23113
15,23185
1,23188
1,23219
1,23221
1,23225
1,23228
2,23229
3,23230
1,23231
3,23234
3,23235
1,23236
2,23294
3,23320
2,23321
1,23322
1,23325
1,23336
1,2339
1,23435
1,23451
3,23452
3,23455
1,23462
3,23464
2,23502
1,23503
1,23517
1,23518
1,2356
1,2360
1,23602
1,23604
1,23606
2,2364
1,23661
3,23666
1,23669
1,2368
1,23707
2,2379
4,23803
1,23824
2,23831
2,23832
1,23834
1,23836
2,23851
1,23860
1,23950
8,23970
4,24012
6,24014
3,24018
2,24019
1,24060
4,24073
1,24083
2,24112
1,24121
1,24141
1,24151
10,24153
1,24171
1,24179
1,24201
1,24210
1,24219
1,24251
1,24266
1,24273
2,24293
1,24319
5,24333
4,24343
8,24354
1,24360
10,24401
4,24426
8,24450
1,24482
5,24502
2,2451
2,24517
1,24522
2,24523
1,24531
1,24540
1,24541
2,24572
1,2459
2,24592
2,24614
1,2464
3,24641
1,24651
2,24701
1,24739
2,24801
2,25015
1,25143
1,25186
2,25271
1,25302
1,25304
2,25309
3,25313
1,2536
1,25389
1,25401
2,25404
1,25411
1,25438
1,25530
1,2554
1,25570
1,25601
1,25701
1,25702
3,25703
1,25705
3,25801
2,25813
2,25840
2,25901
2,25962
9,26003
3,2601
2,26062
1,26101
2,26104
2,26105
4,26155
1,26159
1,26201
2,26301
1,26354
1,26426
1,26452
3,26505
1,2653
11,26554
3,26601
4,26726
1,26847
1,27006
1,27028
1,2703
12,27030
1,27051
1,27052
2,27055
2,27103
2,27105
4,27106
1,27127
1,2719
1,27203
1,27209
2,2721
3,27215
1,2726
1,27260
2,27262
2,27263
1,27265
2,27278
4,27284
5,27288
5,27292
2,27295
1,27310
2,27312
1,27316
4,27317
7,27320
1,27332
2,27344
1,27377
1,2740
2,27406
3,27409
1,2744
1,27455
1,2746
1,27502
2,27504
3,27511
1,27513
1,27514
1,27518
1,27520
1,27523
1,27526
4,27529
2,27530
1,27534
2,27536
1,27545
1,27546
1,27549
1,27560
4,27565
3,27577
1,27587
1,27597
2,27604
2,27609
1,27610
1,27612
3,27613
2,27615
2,27616
1,2762
1,2767
1,27701
2,27703
2,27704
2,27705
2,27707
1,27713
2,2777
3,27801
4,27834
1,27856
3,27858
8,27870
1,27889
2,27892
3,27893
4,27909
2,27910
1,27949
1,27959
3,27962
4,28001
1,28006
1,28012
1,28023
2,28025
1,28027
1,28034
1,28037
2,28043
2,28052
3,28054
1,28075
2,28078
1,28079
3,28083
1,28097
2,28104
2,28105
5,28110
3,28117
1,28134
1,28137
1,28139
2,28144
3,28147
2,28150
3,28152
1,28159
1,2816
1,28170
1,28174
1,28206
1,28208
1,28210
1,28211
2,28215
1,28226
1,28262
1,28269
1,28273
1,28301
2,28303
3,28306
1,28307
1,28314
1,28315
1,28327
1,28334
1,28337
1,28345
6,28352
1,28365
1,28377
2,28379
1,28384
1,28390
1,28401
2,28403
2,28405
1,2842
2,28425
1,28428
1,28445
8,28451
1,28461
1,28501
1,2852
1,28532
2,28540
1,28544
2,28546
2,28547
1,28557
1,28562
4,28584
3,28601
3,28602
9,28607
1,2861
1,28613
1,28625
1,2863
1,28638
3,28645
1,2865
3,28655
2,28659
2,28677
1,28681
1,28704
2,28713
1,28716
1,28719
1,28731
6,28734
3,28752
1,28759
1,28768
1,28777
2,28779
4,28786
1,28787
1,28792
4,28803
1,2886
1,28906
1,2891
1,2893
2,2895
3,29006
2,29010
7,29020
1,2903
3,2904
1,29042
1,29045
1,29063
4,29072
2,29073
2,2909
6,29102
1,29108
8,29115
2,29138
1,2914
1,29142
1,2916
3,29169
1,2917
2,29170
2,29180
1,2919
2,2920
1,29201
3,29203
1,29204
2,29206
3,29209
4,29210
3,29212
4,29223
1,29229
5,29301
1,29302
3,29303
1,29316
2,29325
1,29340
1,29341
1,29356
2,29360
1,29379
1,29385
1,29388
4,29405
2,29406
1,29407
1,29414
5,29418
1,29420
1,29424
1,29440
1,29445
2,29455
1,29456
1,29461
1,29464
2,29466
1,29477
2,29483
4,29485
1,29486
1,29488
2,29492
4,29501
1,29505
3,29512
2,29526
2,29532
2,29536
2,29550
1,29556
1,29565
1,29569
1,29571
1,29574
2,29575
1,29576
4,29577
1,29579
3,29582
2,29588
1,29605
5,29607
1,29609
4,29611
1,29615
4,29621
2,29624
2,29631
1,29640
1,29642
1,29644
4,29649
1,29662
1,29671
2,29673
2,29678
2,29680
2,29681
2,29690
1,29692
1,29697
2,29702
1,29707
2,29708
2,29710
2,29715
3,29720
2,29728
3,29730
2,29732
3,29745
1,29801
2,29803
1,29851
1,29860
1,29902
1,29907
1,29910
1,29924
2,29926
1,29928
1,29935
4,29936
2,30004
1,30005
1,30008
1,30013
4,30014
2,30019
2,30024
1,30030
6,30032
1,30033
2,30034
1,30038
3,30041
2,30043
2,30044
1,30045
1,30046
2,30047
2,30052
2,30058
4,30060
1,30064
5,30066
1,30067
3,30071
3,30075
2,30076
2,30078
1,30080
2,30083
1,30084
3,30092
2,30094
1,30097
1,30101
1,30102
1,30103
1,30106
5,30114
1,30115
3,30117
2,30120
1,30125
1,30134
2,30135
1,30141
1,30143
2,30144
1,30152
2,30153
2,30161
2,30165
2,30168
3,30188
1,30189
1,30213
3,30214
4,30223
3,30233
2,30236
2,30240
1,30248
1,30252
2,30253
1,30260
1,30265
2,30268
1,30269
1,30272
1,30274
1,30276
5,30281
1,30294
1,30295
2,30303
1,30305
1,30308
1,30309
1,30311
1,30316
1,30318
1,30320
3,30328
3,30329
3,30331
3,30336
1,30337
3,30338
3,30339
2,30341
1,30344
1,30345
1,30349
4,30350
1,30360
2,3038
6,30401
3,3042
1,30453
4,30458
2,30474
3,30501
1,30512
3,30513
1,30517
4,30518
1,30519
1,30525
1,30529
3,30534
1,30539
1,3054
2,30540
4,30542
1,30549
1,30566
4,3060
1,30601
2,30605
2,30606
2,3063
1,30655
2,30662
4,30680
1,30701
1,30707
2,30720
1,30721
1,30736
1,30741
1,30742
1,30747
1,30752
1,3079
1,30809
1,30813
5,30830
1,30901
1,30904
1,30906
2,30907
2,30909
1,31005
1,31008
1,3102
1,31021
1,31028
2,31029
2,3103
2,31030
1,31032
1,3106
1,31069
2,31093
1,31098
1,31201
1,31204
1,31206
4,31210
1,31211
1,31216
2,31313
1,31314
1,31322
1,31324
3,31326
2,31404
1,31405
2,31406
2,31410
1,31419
2,31501
5,31520
1,31522
1,31525
2,31533
1,31537
1,31548
3,31601
3,31602
1,31605
1,31636
2,31643
1,31701
1,31704
4,31707
1,31730
1,31763
3,31792
3,31793
6,31794
1,31901
2,31904
1,31905
1,31906
2,31907
5,31909
3,32055
1,32073
4,32084
1,32091
1,32092
1,32114
1,32117
1,32118
1,32124
2,32127
1,32136
3,32168
2,32174
1,32177
1,32207
2,32216
1,32217
1,32218
1,32219
1,32222
1,32223
2,32225
1,32234
1,32244
2,32246
2,32256
1,32257
1,32259
2,32277
3,32301
1,32303
4,32304
1,32311
1,32340
1,3235
1,32351
2,32401
1,32404
2,32405
2,32407
3,32408
2,32413
2,3246
6,32504
2,32505
1,32506
2,32507
1,32526
1,3253
3,32533
4,32536
1,32542
1,32548
1,32569
3,32571
1,32578
1,32608
1,32628
1,32643
2,32669
1,32694
1,32703
1,32714
1,32726
1,32746
1,32750
1,3276
1,32765
1,32771
1,32780
1,32789
3,32792
1,32805
2,32806
1,32807
4,32808
3,32809
1,32810
1,32811
1,32812
3,32817
2,32819
1,32821
1,32822
1,32826
2,32828
1,32832
1,32835
2,32836
2,32837
2,32904
1,32907
1,32909
1,32922
2,32935
1,32952
1,32955
2,32958
1,33009
2,3301
5,33010
2,33013
2,33014
6,33015
5,33016
1,33020
1,33021
1,33023
2,33024
2,33027
1,3303
1,33032
5,33033
3,33034
1,33036
2,33037
2,33040
4,33050
3,33055
1,33060
1,33062
1,33063
3,33065
2,33068
1,33069
1,33070
1,33076
1,33122
1,33125
1,33126
1,33127
2,33130
3,33131
1,33134
2,33137
1,33138
2,33139
1,33142
2,33144
2,33145
3,33155
1,33156
4,33157
3,33160
1,33161
3,33162
4,33165
4,33166
2,33168
1,33169
2,33174
1,33175
1,33177
1,33178
1,33180
4,33181
4,33184
1,33186
1,33189
2,33304
1,33309
5,33311
5,33312
2,33313
1,33314
3,33316
2,33319
1,33323
1,33324
1,33326
1,33328
2,33330
1,33331
2,33351
2,33388
1,33401
1,33403
1,33404
1,33406
5,33411
2,33413
2,33414
3,33415
1,33418
3,33426
1,33435
1,33442
1,33449
1,33460
1,33462
1,33463
1,33467
1,33478
1,33484
1,33486
1,33511
1,33534
1,33548
1,33566
1,33584
2,33594
2,33596
1,33602
1,33605
1,33606
2,33607
2,33609
1,33611
4,33612
2,33614
2,33615
3,33619
1,33629
1,33647
2,33701
1,33702
1,33703
1,33706
2,33707
1,33711
1,33713
1,33759
1,33762
1,33764
2,33765
2,33777
2,33781
2,33801
1,33803
1,33809
1,33813
1,33823
1,33825
1,33844
1,33853
1,33859
1,33880
1,33896
1,33901
1,33903
1,33909
2,33912
1,33917
1,33928
1,33936
1,33948
3,33950
1,33971
1,34104
1,34109
1,34110
1,34134
1,34208
1,34209
1,34210
1,34212
1,34221
1,34223
2,34233
1,34234
1,34285
1,34287
1,34288
1,34292
2,3431
1,34453
1,34473
1,3461
1,34652
1,34653
1,34655
1,34668
1,34669
1,34677
2,34684
2,34689
2,34711
1,34714
2,34736
3,34743
1,34744
5,34746
2,34761
1,34769
1,34786
1,34787
2,34788
4,34953
1,34974
4,34986
1,34987
1,34994
2,35004
1,35010
1,35022
5,35023
2,35040
1,35043
2,35045
1,35055
1,35058
1,35062
4,35071
1,35080
2,35094
1,35111
4,35121
5,35124
5,35125
1,35126
1,35146
1,35180
1,35204
2,35208
1,35210
1,35211
1,35214
1,35215
1,35217
2,35235
1,35244
2,35404
2,35405
7,35476
1,35501
2,35565
1,35582
1,35594
2,35601
2,35603
3,35611
3,35630
1,35640
1,35653
1,35661
1,35750
1,35759
6,35763
1,35801
3,35810
1,35811
1,35816
2,35901
1,35903
1,35954
1,35960
1,35986
1,36027
1,36043
2,36083
1,36107
3,36109
2,36110
1,36112
1,36116
2,36117
2,36201
4,36203
1,36265
8,36301
2,36303
1,36340
3,36420
4,36426
1,36467
4,36502
4,36507
1,36532
11,36535
1,36542
3,36545
1,36551
1,36560
2,36561
2,36571
1,36575
1,36602
2,36606
1,36607
2,36608
2,36609
2,36618
1,36619
1,36695
1,36732
2,36784
3,36801
1,36830
1,36832
4,36854
4,36867
2,37013
3,37015
3,37027
2,37030
1,37033
1,37040
2,37042
2,37043
1,37055
1,37058
5,37064
2,37066
2,37072
1,37074
2,37076
1,37082
2,37083
3,37086
1,37087
1,37091
1,37096
2,37110
2,37115
2,37122
1,37128
4,37129
4,37130
3,37167
1,37172
1,37174
1,37188
3,37203
1,37204
1,37206
1,37209
1,37210
1,37211
2,37214
2,37215
1,37217
2,37221
1,37228
2,37303
1,37311
2,37323
2,37324
1,37327
3,37343
1,37347
2,37355
1,37356
1,37363
1,37377
1,37379
1,37380
1,37381
1,37385
1,37388
3,37405
1,37406
1,37408
1,37411
2,37412
2,37415
3,37421
1,37601
3,37604
2,37659
2,37660
2,37686
1,37701
4,37716
2,37745
3,37748
1,37760
1,37764
1,37769
1,37771
1,37774
1,37777
1,37801
1,37804
1,37814
3,37821
3,37830
1,37841
1,37849
1,37857
1,37862
1,37874
2,37876
1,37879
2,37890
2,37912
1,37914
1,37917
1,37918
2,37919
1,37921
3,37922
4,37923
1,37931
1,37932
4,37934
1,38002
1,38004
2,3801
1,38017
1,38018
1,38019
1,38053
2,38059
1,38060
1,38063
1,38068
1,38103
4,38104
1,38106
1,38109
2,38111
4,38115
4,38116
1,38117
4,38118
1,38119
1,38122
2,38125
1,38134
1,38135
2,38138
2,38141
1,3820
1,38237
3,38242
4,38305
2,38310
1,38340
1,38372
1,38379
2,38401
1,38478
1,38485
2,38501
1,38506
5,38555
1,38606
4,38614
1,3862
1,38632
2,38635
1,38637
1,38654
3,38655
2,38663
1,38664
1,38668
1,3867
3,38671
2,38672
6,38701
3,38703
8,38732
2,3874
5,38751
1,38756
11,38801
2,38804
4,38821
4,38829
2,38834
1,38851
1,38860
7,38863
1,3890
1,38901
1,38916
2,38930
1,38967
2,39083
1,39090
1,39180
1,39202
2,39204
2,39206
1,39208
2,39209
2,39213
1,39232
1,39341
1,39402
1,39437
2,39440
1,39452
2,39465
1,39466
1,39470
5,39503
1,39531
1,39553
1,39564
2,39581
1,39702
1,39759
1,39819
1,39823
3,40014
2,40031
2,40033
1,4005
1,40065
1,40067
2,40108
1,4011
1,40143
2,40165
1,40202
3,40207
2,40208
4,40213
1,40214
1,40216
3,40219
1,40220
5,40222
2,40223
1,40229
2,40241
2,40258
2,40291
2,40324
4,40330
7,40351
1,40353
1,40356
2,40361
1,4038
2,40380
3,40383
1,4040
1,40403
2,40422
1,4043
1,40460
1,40475
1,40502
3,40503
2,40505
1,40507
1,40508
4,40509
2,40511
1,40513
3,40601
2,4062
1,40701
2,4072
2,4074
1,40741
7,40769
1,40831
1,40906
1,4092
2,40962
1,40977
4,41001
7,41005
4,41008
2,4101
3,41011
5,41015
5,41017
4,41018
3,41031
1,41035
19,41042
9,41048
4,41051
6,41056
1,4106
8,41071
3,41073
7,41076
5,41094
6,41101
1,41102
5,41143
2,41144
2,41230
6,41240
1,41301
2,41339
2,41465
1,41472
6,41501
6,41653
5,41701
2,41858
3,42001
5,42025
1,42038
1,42041
1,42064
2,42066
4,42071
2,4210
9,42101
1,42104
1,42127
1,42134
11,42141
2,42164
1,42167
1,42206
2,42223
2,42240
1,42262
6,42301
1,42303
3,42320
1,42330
1,42345
1,42431
2,42437
1,42445
7,42501
1,4252
1,42539
2,42602
1,42642
1,42653
2,42701
1,42718
4,42728
1,42754
2,4281
3,43015
1,43025
3,43026
1,43031
2,43035
1,43040
2,43050
1,43054
2,43055
2,43056
1,43064
1,43065
1,43068
3,43074
2,43123
1,43140
1,43147
6,43160
1,43202
4,43204
1,43207
1,43209
1,43212
1,43213
1,43214
1,43219
1,43223
3,43229
1,43230
1,43232
2,43235
1,43240
6,4330
1,43302
2,43311
1,43316
1,43326
3,43420
1,4345
1,43452
1,43456
1,43506
1,43528
1,43537
1,43545
1,43551
1,43560
1,43567
3,43605
1,43606
2,43609
1,43614
2,43615
1,43616
1,43617
12,43701
1,43724
1,43725
1,43812
1,43840
2,43906
1,43907
1,43935
1,43953
4,44001
5,44004
9,4401
2,44011
2,44017
1,44023
5,44035
1,44041
1,44047
1,44050
1,44052
1,44055
1,44057
4,44060
1,44070
1,44077
2,44089
1,44092
3,44094
1,44095
1,44103
1,44106
1,44107
1,44109
1,44111
3,44112
1,4412
1,44120
1,44121
3,44125
1,44126
3,44128
6,44130
1,44133
1,44134
1,44136
1,44141
1,44144
3,44146
1,44212
1,44223
1,44224
2,44240
1,44241
1,44255
1,44266
2,44312
2,44313
1,44333
4,44410
1,44432
1,44444
3,44446
1,44460
1,44483
2,44484
1,44505
2,44512
1,44514
1,44614
2,44615
3,44622
1,44644
1,44646
1,44647
1,44654
3,44657
1,44663
2,44667
1,44683
3,44691
1,44706
1,44708
1,44709
3,44718
5,44720
1,44721
3,44805
1,44811
1,44820
1,44830
2,44833
1,44839
1,44842
1,44857
3,44870
2,44875
1,44883
5,44890
4,44903
4,44906
2,45005
14,45011
8,45013
9,45014
1,45015
4,45030
4,45039
3,45040
1,45041
2,45042
2,45044
4,45050
5,45056
2,45066
1,45068
16,45069
4,45102
1,45103
3,45121
1,45122
3,45133
3,45140
3,45150
4,45154
1,45177
2,45202
1,45205
1,45206
2,45208
1,45209
7,45211
1,45212
3,45213
3,45215
2,45216
1,45217
3,45219
1,45220
3,45223
3,45224
1,45225
2,45227
1,45230
7,45231
1,45232
7,45236
1,45237
7,45238
5,45239
5,45240
6,45241
1,45242
1,45243
11,45245
7,45246
5,45247
7,45249
10,45251
1,45322
2,45324
2,45331
1,45365
1,45373
1,45377
1,45384
1,45385
1,45404
1,45406
2,45409
2,45414
2,45417
5,45424
2,45431
1,45432
1,45439
1,45440
2,45449
3,45459
1,45504
2,45505
1,45601
1,45631
1,45638
1,45640
1,45662
1,45693
5,45701
3,45769
2,45801
1,45804
1,45806
2,45840
1,45872
2,45895
2,46001
3,46011
1,46012
2,46013
1,46015
1,46016
1,46032
1,46034
2,4605
1,46052
1,46055
1,46060
1,46077
1,46112
1,46113
2,46124
3,46131
4,46135
3,46140
1,46142
2,46143
1,46148
5,46151
1,46158
1,46163
1,46166
4,46168
2,46176
1,46181
2,46201
1,46202
1,46217
1,46218
1,46219
1,46220
2,46222
1,46225
1,46226
1,46227
2,46229
1,46234
1,46236
2,46237
2,46240
2,46241
2,46254
2,46268
1,46278
1,46303
7,46304
6,46307
1,46310
1,46312
1,46320
1,46321
1,46322
1,46342
1,46350
1,46356
9,46360
4,46368
2,46375
1,46385
1,46394
1,46403
2,46410
2,46514
6,46517
4,46534
1,4654
1,46540
1,46544
3,46545
2,46563
2,46567
4,46601
1,46614
3,46628
1,46635
1,46637
7,46703
6,46706
6,46714
7,46725
5,46733
1,46737
5,46750
5,46755
1,46767
1,46804
2,46805
1,46808
2,46825
1,46835
2,46901
2,46902
1,46952
2,46962
1,46970
1,47001
4,47006
2,47025
1,47112
1,47119
1,47122
2,47129
5,47130
2,47167
1,47170
4,47201
1,47203
6,47240
1,47243
6,47250
3,47265
1,4730
2,47302
7,47303
5,47304
2,47306
1,47327
2,47331
1,47334
3,47348
3,47362
2,47371
8,47374
3,47394
2,47404
6,47421
3,47441
1,47446
3,47454
1,47460
1,47469
3,47501
1,47542
8,47546
2,47553
4,47586
1,47591
3,47601
2,47630
4,47710
4,47711
3,47712
3,47714
2,47715
1,47720
3,47725
2,47802
3,47805
3,47834
3,47842
1,47904
3,47905
12,47906
1,47909
1,47960
2,47978
2,48001
1,48003
1,48025
1,48030
1,48033
1,48035
1,48036
2,48044
1,48045
1,48047
1,48051
2,48059
2,48060
1,48062
2,48066
3,48071
1,48073
1,48076
2,48079
1,48081
3,48083
1,48084
2,48085
1,48093
2,48095
1,48103
1,48108
4,48111
1,48116
5,48118
1,48124
2,48126
3,48131
5,48134
3,48150
3,48152
2,48162
1,48167
1,48169
8,48174
5,48183
3,48184
1,48185
2,48192
1,48193
2,48204
1,48207
1,48210
1,48219
1,48224
1,48226
1,48228
1,48229
3,48234
2,48236
3,48238
1,48309
1,48310
2,48313
3,48315
2,48326
1,48327
2,48328
1,48336
3,48341
1,48353
1,48360
1,48371
4,48390
2,48420
1,48423
3,48430
2,48446
1,48451
1,48503
4,48504
2,48507
3,48509
1,48603
2,48616
1,48617
1,48623
1,48629
2,48640
1,48642
1,48651
1,48661
1,48706
2,48750
1,48813
1,48823
1,48827
4,48843
1,48847
1,48854
3,48858
1,48864
1,48906
1,48910
1,48911
1,48912
2,49002
1,49022
1,49036
1,49047
2,49048
1,49079
3,49085
1,49090
1,49091
1,49093
1,49099
1,49202
2,49203
1,49224
1,49286
4,49404
1,49417
4,49418
1,49423
1,49441
1,49442
2,49444
1,49445
2,49461
2,49503
2,49504
1,49505
2,49508
2,49509
1,49512
1,49519
2,49525
1,49546
1,49548
2,49660
2,49684
1,49685
7,49686
2,4976
1,49770
3,49801
2,49855
1,49931
3,50009
1,5001
3,50010
1,50014
1,50022
1,50036
1,50111
4,50125
2,50131
1,50138
1,50158
5,50208
2,50211
3,50213
1,50219
1,50266
1,50309
2,50310
1,50313
1,50316
3,50317
3,50325
6,50401
1,50428
1,50438
1,50459
6,50501
4,50588
7,50613
1,50642
2,50644
2,50677
1,50701
2,50702
1,50801
1,51009
1,51031
1,51102
2,51105
1,51106
1,51108
1,51250
3,51301
1,51334
2,51360
7,51401
1,51442
1,51501
1,51503
1,51534
1,51566
8,52001
5,52002
2,52003
4,5201
2,52060
2,52101
1,52240
2,52241
3,52302
2,52349
1,52353
2,52402
1,52405
1,52411
6,52501
2,52556
3,52601
4,52627
3,52632
2,52641
2,52722
6,52732
1,52761
2,52772
1,52806
1,53004
5,5301
1,53045
1,53066
1,53073
1,53081
3,53083
1,53089
1,53090
1,53094
1,53126
1,53129
2,53142
1,53144
2,53149
1,53150
2,53151
2,53154
3,53177
1,53184
3,53186
2,53207
1,53208
1,53209
1,53211
1,53212
3,53214
1,53216
3,53217
1,53221
1,53222
1,53223
1,53224
1,53226
2,53227
1,53404
1,53406
1,53527
1,53532
2,53534
1,53538
1,53545
1,53548
1,53558
2,53562
1,53566
1,53583
1,53590
1,53597
1,53704
1,53711
1,53713
1,53715
2,53716
1,53813
1,53901
1,53913
1,53925
1,53965
2,54002
3,5401
8,54016
2,54017
2,54022
3,5403
1,54140
1,54143
1,54166
1,54220
4,54235
1,54302
2,54304
2,54401
1,54409
1,54448
6,54449
5,54451
1,54452
1,54456
3,5446
4,54467
2,54476
5,54481
4,54494
1,54499
4,54501
2,5452
10,54601
1,54603
2,54615
1,5468
1,54720
4,54729
7,54751
3,5478
3,54806
1,54843
1,54868
3,54880
1,54904
1,54911
1,54914
1,54923
3,54935
2,54952
3,54956
1,54963
1,54981
3,55008
1,55014
2,55016
3,55021
1,55024
4,55025
1,55033
1,55045
1,55051
3,55056
3,55060
1,55063
1,55068
3,55082
1,55102
1,55103
3,55104
1,55106
5,55109
3,55110
1,55111
1,55112
5,55113
2,55118
1,55119
1,55121
2,55123
1,55125
3,55126
2,55128
4,55303
2,55304
1,55308
1,55311
1,55330
1,55337
1,55343
1,55350
1,55352
1,55362
3,55369
2,55371
2,55374
2,55379
2,55406
1,55408
1,55411
3,55421
1,55423
1,55426
5,55428
1,55429
1,55430
2,55432
2,55434
3,55435
1,55439
1,55441
2,55443
1,55444
1,55445
1,55448
2,55449
1,55719
5,55720
1,55723
1,55805
3,55811
3,55901
1,55912
2,55987
1,56001
2,56003
2,56007
1,5602
1,56073
1,56301
1,56320
3,56345
4,5641
1,56468
3,56601
1,5661
1,57004
2,57005
2,57006
7,5701
3,57042
4,57069
3,57103
1,57105
1,57106
7,57201
1,57262
9,57301
2,57325
4,57350
10,57401
2,57501
3,57580
1,57601
23,57701
11,57702
3,57717
1,57719
1,57730
2,57747
1,57783
7,57785
1,58072
5,58075
1,58102
2,58103
2,58104
4,5819
5,58201
1,58203
1,58237
2,58301
7,58401
1,58503
1,58504
2,58554
2,58601
8,58701
1,58703
8,58801
1,59044
1,59047
1,59101
3,59102
2,59105
1,59230
1,59301
1,59401
1,59404
1,59405
1,59427
3,59601
1,59602
1,59722
2,59801
3,59808
1,59840
3,60002
1,60004
1,60007
1,60008
1,60010
1,60012
1,60013
1,60014
2,60016
1,60018
2,60031
1,60035
1,60044
2,60046
3,60047
2,60048
1,60050
1,60051
1,60060
1,60062
1,60068
2,60073
1,60076
1,60077
2,60085
1,60087
2,60089
1,60091
1,60099
3,60101
2,60102
1,60103
1,60107
2,60108
2,60110
2,60115
1,60123
1,60131
1,60133
1,60137
1,60143
3,60148
1,60177
1,60178
2,60188
1,60201
1,6029
2,60302
1,6032
2,6040
2,60408
1,60411
2,60415
1,60416
1,60418
1,60426
1,60430
1,60431
1,60432
3,60435
1,60436
2,60440
1,60443
1,60445
1,60446
2,60453
1,60455
2,60477
2,60481
1,60502
5,60506
3,60515
1,60517
2,60521
1,60525
1,60526
1,6053
2,60538
1,60540
1,60546
1,60548
2,60559
1,60560
1,60563
2,60564
1,60601
2,60603
1,60606
1,60607
1,60608
3,60609
2,60610
1,60614
3,60615
1,60616
1,60617
3,60618
1,60619
2,6062
1,60620
1,60624
1,60625
1,60626
4,60630
1,60632
3,60634
1,60636
4,60638
4,60639
2,60640
1,60641
1,60644
1,60647
1,60654
1,60659
4,6066
2,60661
1,6067
1,60706
1,6074
1,60803
1,60827
1,6085
1,6088
1,60901
2,60914
2,60915
1,60942
1,6096
1,60970
1,61008
1,61032
2,6105
6,6106
4,61068
1,6107
1,6108
1,61080
1,61085
1,61101
1,61108
5,61109
5,6111
2,61111
1,61112
1,61115
1,6112
3,6114
3,6117
3,6118
2,61201
1,61231
1,61244
1,61264
1,61265
1,61342
4,61350
2,61364
1,61401
1,61455
2,61462
4,61520
3,61523
4,61550
7,61554
1,61571
2,61604
1,61611
1,61614
3,61615
1,61701
2,61704
1,61727
1,61761
4,61764
1,61801
1,61802
1,61822
7,61832
1,61944
2,62002
1,62010
4,62025
1,62035
2,62040
1,62052
7,62056
2,62206
4,62208
2,62220
3,62221
1,62222
1,62226
2,62231
1,62232
5,62234
1,62246
1,6226
1,62278
1,62286
3,62298
2,62301
2,62363
3,62441
2,62454
6,62471
1,62522
1,62526
4,62568
2,62626
4,62650
1,62656
2,62702
1,62703
1,62704
1,62712
3,62801
1,62837
3,62863
6,62864
1,62901
3,62906
1,62959
1,62960
3,62966
2,63005
5,63010
2,63011
2,63017
1,63020
2,63025
2,63026
1,63028
2,63033
1,63042
1,63044
1,63052
2,63069
3,63080
3,63090
1,63104
1,63107
1,63108
1,63114
1,63115
1,63119
1,63120
1,63121
3,63122
2,63128
2,63129
2,63132
1,63134
1,63135
4,63136
1,63137
6,63139
1,63141
1,63143
1,63144
1,63146
4,6320
8,63301
6,63303
5,63304
1,6335
10,63366
2,63367
7,63368
10,63376
5,63379
3,63383
6,63385
5,6340
4,63401
4,63501
1,63552
2,6360
5,63601
2,63645
1,63670
1,63703
2,63755
4,63775
1,63801
3,6382
1,63841
2,6385
2,63851
1,63857
1,63901
2,64014
1,64015
5,64024
1,64030
1,64037
1,64052
3,64055
1,64060
1,64067
4,64068
2,64076
1,64078
1,64079
2,64082
1,64083
3,64086
1,64089
1,64110
1,64113
2,64116
1,64117
1,64118
1,64120
1,64124
1,64125
1,64127
1,64133
1,64150
1,64151
1,64152
2,6416
1,6418
2,64424
1,64429
1,64501
2,64503
1,64506
1,64507
1,6451
1,6457
4,6460
1,64601
1,64628
2,64683
3,64701
1,6473
1,64735
1,6475
10,64801
4,64804
2,6483
3,64836
2,64850
1,64870
1,6492
3,65026
1,65043
1,65049
1,65065
1,65066
1,65084
4,65101
13,65109
1,6512
3,6513
1,6515
3,6516
1,65201
4,65233
1,65240
2,65251
5,65265
8,65301
2,65340
1,65355
3,65401
3,65559
4,65560
6,65584
1,65605
6,65613
5,65616
1,65625
2,65714
1,65721
1,65738
1,65757
1,65775
1,65781
1,65793
1,65802
3,65803
5,65804
2,65807
1,66002
1,66043
1,66044
3,66046
1,66048
3,66049
2,6606
2,66061
1,66101
1,66102
2,66103
1,66111
1,66202
2,66203
2,66204
1,66205
1,66210
1,66213
3,66215
4,66223
1,66226
2,66434
1,66436
1,66441
1,66442
3,66502
1,66508
1,66542
1,66547
3,66604
2,66605
1,66609
1,66612
1,66713
3,66720
2,66725
2,66739
2,66762
1,66901
1,67010
3,6704
4,6705
1,67062
1,67063
1,67104
1,67110
1,67114
2,67124
1,67133
1,67147
1,67156
1,67202
5,67206
1,67208
1,67211
1,67213
2,67216
1,67226
1,67301
5,67401
1,67410
1,67432
2,67460
3,67502
1,67657
1,67701
1,67801
2,67846
1,68005
2,68025
1,68028
2,68046
2,6810
1,68102
2,68108
3,68114
1,68118
1,68122
3,68123
1,68128
1,68133
2,68134
2,68137
2,68138
1,68154
2,68164
2,68305
4,68310
2,68333
1,68352
5,68410
1,68434
1,68504
1,68506
3,68508
2,6851
3,68516
3,68521
1,68526
4,68701
1,68763
2,68776
1,6878
2,68787
1,68803
1,68862
8,68901
4,68949
2,69001
1,69033
3,69101
1,69138
1,69153
2,69162
1,69337
3,69361
1,70003
3,70005
1,7001
2,7002
1,7003
1,70037
1,70052
1,70053
2,70056
3,70058
1,7006
4,70062
4,70065
1,70068
3,70072
4,70094
1,70114
1,70123
2,70128
1,70301
1,7036
8,70360
2,70364
3,70380
1,70392
1,70401
1,7042
4,70427
9,70433
4,70448
1,70454
5,70458
3,70460
1,70461
2,70471
5,70503
1,70506
1,70508
2,70510
2,70517
1,70520
1,70570
1,70577
1,70582
2,70583
1,70601
2,70611
1,70615
2,7062
1,7065
1,70663
1,7068
1,7069
1,70714
1,70719
9,70726
1,7076
1,70760
1,70767
1,70791
1,7080
1,70802
2,70805
2,70806
2,70808
1,70809
2,70810
3,70815
5,70816
1,70817
1,7094
2,7095
1,71006
1,71019
3,71037
1,71040
1,7105
6,71055
1,71082
1,7109
11,71105
3,71106
1,71107
3,71111
1,71118
1,71119
2,71129
3,71201
1,71203
5,71220
2,71232
1,71241
2,71251
11,71270
7,71291
2,71295
1,71301
10,71303
1,71322
2,71350
1,71351
1,71360
1,71373
7,71446
3,71449
6,71457
2,71463
1,71483
1,71601
1,71602
1,71635
3,71639
4,71655
1,71671
1,71730
1,71742
3,71801
2,71854
6,71923
1,71953
1,72010
2,72015
1,72021
2,72023
1,7203
6,72032
1,72034
1,7205
3,72058
4,72076
3,72086
2,72104
1,72106
1,72110
4,72112
7,72113
3,72114
6,72116
3,72117
1,72143
3,72150
2,72160
2,72201
2,72204
1,72205
1,72209
2,72211
1,72315
1,72335
5,72401
1,72404
1,72450
1,72455
1,72476
3,72501
1,72560
3,72601
2,72650
1,72701
4,72703
1,72712
1,72714
2,72740
1,72751
5,72756
1,72758
1,72762
11,72764
2,72801
2,72823
2,72830
1,72834
1,72901
1,72903
1,72916
1,72921
1,72936
1,72944
1,72949
3,73005
1,73008
4,73013
1,73018
1,73020
1,73034
1,73044
1,7305
1,73064
2,73069
3,73071
2,73072
1,73075
1,73077
2,73080
2,73099
1,7310
1,73103
1,73104
1,73105
2,73107
1,73109
1,73110
1,73111
1,73112
1,73114
6,73115
1,73118
1,73120
1,73127
1,73128
4,73129
1,73130
7,73132
1,73134
1,73139
1,73149
3,73159
2,73160
1,73162
4,73401
1,73448
2,73505
1,73644
4,73703
1,73750
1,73942
1,74003
6,74006
3,74010
5,74012
1,74014
1,74015
6,74017
2,74023
3,74033
2,74037
1,74044
2,7405
3,74055
3,74063
3,74066
1,74074
1,74105
1,74106
3,74107
1,74110
1,74112
3,74115
1,74129
1,74132
4,74133
1,74135
2,74136
1,74145
1,74146
1,7416
1,74171
2,7419
1,7420
1,74301
1,74344
1,74354
2,74361
7,74401
3,74426
5,74447
1,7446
2,74462
6,74464
1,74467
5,74501
2,74525
1,7456
1,74578
2,74701
3,74728
1,74743
3,74801
4,74804
6,74820
2,74848
1,74851
3,74868
1,74873
1,74953
1,75006
1,75009
2,75013
1,75016
1,75020
1,75033
4,75034
2,75038
1,75040
1,75041
1,75042
1,75043
2,75048
1,75050
2,75051
1,75052
1,75056
1,75057
2,75061
1,75063
1,75067
6,75070
1,75074
1,75077
1,75080
1,75081
1,75082
3,75087
1,75093
2,75109
1,75119
2,75126
3,75141
1,75147
2,75149
4,75150
1,75154
1,75165
2,75180
2,75189
1,75201
1,75211
1,75212
2,75216
1,75217
2,75218
1,75220
1,75224
2,75228
2,75229
1,75230
3,75231
1,75235
1,75237
3,75240
2,75241
2,75243
1,75244
1,75247
1,75261
1,75401
1,75402
1,75460
1,75482
1,75501
3,75551
2,75570
1,75601
1,75602
1,75633
4,75644
1,75657
1,75662
2,75670
1,75701
1,75703
1,75706
1,75751
1,75758
1,75766
2,75773
1,75785
2,75801
2,75831
2,75835
2,75840
1,75862
2,75901
4,75935
3,75951
1,75964
1,75965
1,75975
2,75979
1,76001
1,76006
1,7601
2,76011
2,76013
1,76015
3,76017
2,76020
1,76022
1,76028
1,76039
2,7604
1,76040
2,76051
1,76054
1,76063
2,76065
5,76067
1,76082
4,76087
1,76092
1,76106
1,76108
1,76111
2,76112
4,76114
1,76116
1,76119
1,76123
3,76126
1,76131
2,76132
1,76133
1,76135
2,76148
1,76155
1,76177
1,76201
1,76207
1,7621
1,76210
2,76230
1,76234
1,76240
2,76262
1,76266
2,7630
2,76301
1,76302
2,76308
1,76354
1,76501
1,7652
1,76528
5,76542
1,76544
1,76550
2,76567
1,76571
1,76574
1,7662
1,76642
4,76645
1,76661
2,76667
1,76704
3,76705
2,76708
1,76710
1,76712
1,76801
1,76821
1,76825
2,76901
2,76903
2,76904
2,77002
1,77005
1,77006
1,77007
1,77008
1,77009
1,77011
3,77020
1,77022
1,77023
1,77024
2,77034
3,77036
5,77040
1,77041
2,77042
1,77044
1,77045
1,77049
1,77053
1,77055
3,77056
1,77057
1,77062
1,77064
1,77065
1,77067
1,77069
1,77071
3,77072
1,77075
2,77077
2,77079
1,77081
1,77084
1,77085
2,77087
2,77089
1,77090
1,77092
1,77095
1,77096
1,77099
4,7712
1,7719
1,7724
1,7728
1,77301
3,7731
2,77327
2,77338
2,77340
3,77346
1,77354
2,77356
1,77362
4,77375
1,77377
1,77378
6,77379
1,7738
1,77380
1,77388
1,7740
5,77414
2,77429
1,77433
1,77437
1,77447
2,77449
1,77469
1,77471
1,77474
1,77477
2,77478
1,77479
1,7748
1,77484
1,77494
3,77498
2,77502
1,77515
3,77520
1,77523
3,7753
2,77535
1,77536
2,77539
1,77541
1,77546
1,77547
1,77566
2,77568
3,77571
3,77573
4,77575
2,77581
1,77598
1,7760
1,77611
1,77619
2,77640
1,77657
1,77662
1,77665
1,77802
1,77836
1,77840
1,77864
4,77901
1,77904
1,77954
1,77979
1,78006
1,78023
2,78028
1,78041
1,78043
1,78045
1,78064
1,78121
2,78130
3,78132
1,78133
1,78150
1,78155
1,78203
1,78204
1,78209
3,78211
1,78212
2,78216
1,78217
1,78218
1,78220
2,78221
1,78224
1,78227
1,78238
1,78239
1,78240
1,78245
1,78249
3,78251
1,78253
1,78258
1,78288
2,78332
1,78336
1,78355
2,78362
5,78363
1,78373
1,78374
2,78382
2,78410
1,78414
1,78415
1,78418
2,78501
2,78504
3,78516
1,7852
2,78520
1,78521
3,78526
3,78539
1,78541
10,78550
1,78552
1,78557
1,78570
4,78572
2,78578
2,78580
4,78582
4,78584
1,78586
1,78596
2,78597
1,78602
6,78610
1,78611
1,78613
1,78620
1,78621
1,78639
2,78640
1,78643
1,78660
1,78664
3,78666
2,78681
3,78701
1,78702
2,78705
1,7871
2,78726
2,78729
1,78737
1,78738
2,78741
1,78744
2,78745
1,78746
5,78748
1,78749
2,78750
1,78752
1,78753
1,78757
1,78758
2,78801
1,78840
1,78934
1,78945
1,79022
1,79102
2,79106
1,79109
1,79118
1,79121
2,79201
1,7927
2,79316
1,79382
1,79401
1,79414
1,79415
1,79423
2,79424
2,79549
1,79601
1,79606
1,79701
1,79707
1,79720
2,79735
1,79762
1,79763
1,79830
1,79901
1,79902
1,79903
1,79905
1,79912
1,79915
1,79925
1,79930
1,79932
1,79935
1,79936
2,80002
5,80003
5,80011
2,80012
2,80013
3,80014
3,80015
2,80016
3,8002
1,80026
1,80031
1,80033
1,8005
1,8008
1,80104
2,80108
1,80109
2,80110
4,80112
2,80122
4,80123
2,80127
1,80128
1,80129
1,80130
1,80134
1,8016
1,80202
3,80204
2,80210
1,80211
4,80214
4,80215
1,80216
1,80219
3,80220
3,80221
2,80222
1,80223
1,80224
3,80226
1,80227
3,80229
1,80230
1,80231
6,80233
3,80234
3,80239
1,80246
2,80260
1,8027
1,8028
2,80401
1,8043
1,8045
4,8046
4,80501
1,80504
1,80514
2,80521
1,80524
3,80525
2,8053
1,80537
1,80549
1,8055
1,80550
3,8060
1,80601
1,80615
1,80620
2,80634
1,8068
1,8069
2,8070
1,80751
1,80817
1,80828
2,80863
2,80903
4,80905
1,80906
1,80907
1,80909
1,80910
1,80911
1,80913
2,80920
1,80922
2,8096
1,81004
1,81005
1,81052
1,81082
1,8110
1,81101
1,81144
1,81147
1,81201
1,81212
2,81230
1,81501
1,81503
1,81506
1,81601
1,81625
1,81631
1,81635
2,81650
1,81657
1,82001
1,82007
3,82009
1,8204
8,82070
1,82072
1,8215
2,82201
1,8226
4,82301
1,8234
2,82414
1,8242
3,82435
1,8244
1,8260
1,82601
1,82604
2,82609
1,82716
3,82801
2,82901
2,82930
4,83001
1,8302
12,83201
4,83202
1,83204
5,83221
1,83252
9,83301
3,8332
1,83336
2,83401
2,83402
3,83404
9,83440
1,83442
1,83501
1,8360
7,83605
1,83617
7,83642
7,83647
2,83651
1,83661
2,83686
2,83687
2,83704
4,83705
1,83706
2,83709
2,83714
2,83814
3,83815
1,83835
1,83843
1,83854
1,84005
1,84009
5,8401
6,84010
1,84014
6,84015
4,84020
1,84025
2,84032
1,84037
3,84041
1,84044
1,84045
3,84047
1,84054
1,84056
2,84057
1,84062
2,84066
7,84070
1,84074
1,84075
1,84078
2,84081
2,84084
1,84087
1,84088
1,84093
1,84094
1,84096
1,84097
1,84098
1,84101
1,84104
1,84108
1,84111
1,84115
2,84116
1,84117
2,84118
3,84119
2,84120
4,84123
1,84124
1,84129
7,84302
4,84321
1,84335
2,84337
2,84341
3,84401
9,84403
7,84404
7,84405
2,84501
1,84532
1,84602
1,84604
1,84606
1,84627
2,84651
1,84653
3,84660
1,84663
1,84664
4,84720
1,84721
1,84737
2,84741
8,84770
2,84780
4,84790
1,85006
2,85013
1,85015
1,85016
2,85017
5,85018
1,85020
1,85021
1,85023
1,85027
2,85029
1,85032
1,85033
1,85034
1,85035
2,85037
2,85040
1,85041
1,85042
1,85043
3,85044
2,85048
1,8505
1,85050
2,85051
1,85053
1,85073
2,85085
1,85086
1,85122
1,85128
2,85131
1,8514
4,85142
1,85143
3,85201
2,85202
2,85204
2,85205
3,85206
1,85209
1,85212
3,85215
2,85224
2,85225
1,85226
1,85234
1,85239
1,85242
2,85248
1,85250
4,85251
1,85255
1,85257
2,85260
1,8527
1,85281
5,85282
2,85283
3,85284
4,85286
3,85295
1,85296
1,85297
2,85298
3,85301
1,85302
1,85303
1,85304
2,85305
2,85307
1,85308
5,85326
1,85331
1,85335
1,85340
2,85344
3,85351
4,85364
5,85365
3,85374
1,85379
1,85381
2,85382
1,85383
2,85390
2,85392
2,85395
1,8540
1,85546
3,85602
3,85607
1,8562
1,85621
1,85629
1,85635
1,85643
1,85653
1,85704
1,85705
1,85706
2,85710
2,85714
2,85715
3,85719
1,85730
1,85739
1,86001
1,86004
2,86025
1,86038
3,86040
2,86045
1,86046
3,86047
1,86303
1,86314
1,86322
2,8638
1,8640
6,86401
1,86409
2,86442
1,8691
3,87002
1,87015
3,87020
5,87031
1,87035
1,87068
2,87105
2,87106
3,87107
3,87108
5,87109
2,87110
1,87111
2,87112
1,87113
4,87114
3,87120
2,87121
2,87122
3,87123
2,87124
2,87144
2,8724
10,87301
1,8733
4,8736
3,87401
1,87402
3,87413
5,8742
3,87505
1,87506
1,87507
1,8751
10,8753
6,87532
1,87544
2,8755
3,87571
7,87701
1,87740
5,87801
2,87901
4,88001
1,88011
3,88030
1,8804
7,88061
1,88101
1,8817
9,88201
1,88203
1,88210
1,8822
7,88220
3,88240
1,88260
1,8831
2,88310
1,88330
4,88345
1,8837
3,88401
1,88415
1,8844
1,8854
1,8857
1,8865
1,8873
2,8901
2,89014
4,89015
4,8902
1,89027
3,89030
1,89031
1,89032
6,89048
3,89052
3,89074
2,89102
6,89103
2,89104
1,89107
2,89108
5,89109
1,89113
3,89117
2,89118
10,89119
2,89120
1,89121
1,89123
7,89128
1,89129
1,89130
1,89139
1,89141
3,89145
5,89146
2,89147
4,89149
1,89154
1,89169
6,89406
1,89410
1,89423
2,89431
1,89434
4,89445
7,89502
1,89506
1,89509
2,89511
3,89512
2,89523
5,89701
10,89801
1,90002
3,90006
2,90007
1,90008
1,90011
1,90012
1,90014
1,90017
2,90027
1,90028
1,90029
1,90031
1,90035
2,90037
2,90042
1,90045
1,90047
1,90049
1,90056
2,90057
2,90059
1,90062
1,90063
1,90065
1,90066
2,90201
3,90220
1,90230
1,90232
1,90241
1,90247
2,90248
3,90249
1,90250
2,90255
3,90275
2,90302
3,90303
2,90304
1,90401
2,90501
1,90502
2,90504
2,90505
1,90602
2,90603
2,90605
2,90606
1,90620
2,90630
5,90631
1,90638
1,90640
1,90650
2,90670
1,90701
1,90703
5,90712
1,90713
1,90731
1,90732
1,90744
1,90745
1,90746
2,90804
5,90805
1,90806
2,90808
1,90810
1,90815
1,91001
1,91006
1,91020
2,91104
1,91105
1,91201
1,91204
1,91205
3,91301
1,91302
2,91304
1,91320
2,91321
1,91324
1,91325
2,91331
3,91342
1,91343
2,91350
1,91351
3,91355
1,91360
1,91362
1,91367
1,91381
2,91405
1,91406
2,91502
1,91504
1,91602
1,91606
1,91608
1,91702
2,91706
4,91710
3,91730
1,91731
2,91733
1,91737
2,91741
1,91744
1,91746
1,91748
2,91750
1,91752
2,91761
1,91762
2,91766
3,91767
1,91776
1,91786
2,91789
1,91791
2,91792
1,91801
1,91910
1,91911
1,91915
1,91932
3,91942
1,91945
2,91950
1,92011
1,92014
4,92020
2,92021
1,92026
1,92028
1,92036
1,92054
1,92055
2,92056
1,92071
1,92078
1,92081
3,92083
2,92102
1,92104
1,92105
1,92108
1,92109
1,92110
1,92111
1,92113
1,92117
1,92118
2,92120
1,92121
2,92123
1,92126
1,92128
1,92131
1,92136
1,92154
1,92173
3,92203
1,92211
2,92220
2,92223
3,92234
2,92236
1,92243
1,92253
6,92262
1,92307
2,92309
1,92311
2,92325
1,92336
1,92345
2,92346
1,92363
6,92373
2,92376
1,92395
1,92399
2,92404
3,92407
1,92408
1,92501
1,92503
1,92504
1,92507
1,92508
1,92530
1,92545
1,92551
3,92553
1,92557
1,92562
1,92571
1,92590
1,92606
1,92610
1,92612
1,92618
3,92626
1,92627
2,92630
1,92647
2,92648
4,92660
2,92663
1,92673
1,92675
1,92677
3,92683
1,92688
1,92691
3,92704
6,92705
2,92780
5,92801
1,92802
3,92804
2,92805
1,92806
1,92807
1,92831
2,92833
1,92841
1,92860
1,92866
1,92868
2,92869
2,92870
1,92879
1,92881
3,92886
1,93001
1,93003
1,93030
1,93033
1,93060
1,93109
1,93117
1,93203
2,93239
1,93243
1,93245
2,93247
1,93257
1,93263
1,93280
1,93292
1,93307
1,93308
3,93309
1,93314
2,93405
1,93420
1,93422
1,93427
2,93436
1,93437
8,93446
9,93454
1,93514
5,93534
3,93535
4,93536
1,93546
2,93550
5,93551
1,93552
6,93555
2,93560
1,93611
2,93612
1,93618
1,93630
2,93635
1,93637
3,93657
1,93662
1,93703
2,93720
1,93726
1,93901
1,93907
2,93955
2,93960
1,94025
1,94043
1,94044
1,94061
1,94080
1,94085
1,94087
1,94102
1,94117
1,94124
2,94304
1,94403
2,94501
1,94513
1,94520
1,94526
2,94533
2,94534
2,94536
2,94538
3,94541
1,94544
2,94545
1,94549
1,94550
2,94551
2,94553
1,94556
1,94558
2,94560
2,94565
1,94566
3,94577
1,94578
1,94583
2,94588
1,94601
1,94605
1,94611
1,94618
3,94621
1,94702
1,94703
1,94704
1,94801
2,94806
1,94925
3,95008
1,95014
1,95020
2,95035
1,95050
2,95051
1,95060
2,95076
1,95110
3,95112
1,95113
1,95117
1,95118
2,95121
1,95123
1,95125
1,95126
1,95129
1,95136
1,95203
1,95206
2,95207
1,95209
1,95210
1,95212
1,95237
1,95242
1,95301
1,95334
2,95336
1,95337
2,95348
1,95350
2,95351
2,95354
2,95355
2,95356
1,95357
6,95363
1,95367
1,95370
1,95376
3,95380
2,95382
1,95403
1,95405
1,95458
1,95472
1,95476
5,95603
1,95610
1,95630
1,95648
1,95650
1,95661
7,95667
1,95670
3,95678
1,95682
2,95687
1,95691
1,95713
1,95747
3,95776
1,95815
2,95821
1,95824
1,95825
1,95826
1,95831
1,95834
2,95842
1,95843
5,95901
1,95928
1,95945
1,95948
3,95965
1,95969
1,95993
1,96002
2,96021
1,96130
1,96707
2,96720
2,96732
2,96734
1,96740
1,96744
1,96746
1,96753
2,96761
1,96762
2,96766
1,96782
2,96789
2,96797
4,96814
1,96815
4,96816
2,96817
1,96818
4,96819
3,96826
2,97003
3,97005
1,97013
3,97030
1,97031
1,97034
1,97045
1,97055
1,97056
1,97058
2,97060
1,97062
3,97068
1,97070
1,97071
3,97086
1,97113
2,97124
4,97128
1,97133
2,97138
1,97140
1,97141
3,97202
1,97203
1,97205
1,97209
1,97211
2,97214
1,97216
1,97218
2,97219
1,97220
2,97222
5,97223
1,97224
2,97232
1,97233
1,97236
1,97266
2,97267
2,97301
4,97303
1,97305
1,97306
1,97317
1,97321
1,97333
1,97355
1,97361
1,97381
1,97386
1,97391
2,97401
1,97402
3,97420
1,97424
3,97477
1,97478
1,97479
1,97501
4,97502
2,97504
1,97526
4,97601
1,97603
1,97702
1,97741
1,97754
1,97756
1,97814
1,97850
1,98001
2,98002
2,98003
1,98006
2,98027
1,98030
5,98032
2,98034
2,98036
1,98040
1,98045
1,98052
1,98057
1,98059
1,98087
1,98105
1,98107
1,98108
1,98115
1,98116
2,98125
1,98126
3,98133
1,98144
1,98146
1,98148
1,98166
1,98178
2,98201
2,98204
1,98208
2,98221
1,98223
2,98226
6,98233
1,98258
2,98270
4,98271
2,98272
1,98275
1,98277
2,98290
1,98296
1,98310
2,98327
1,98335
1,98339
1,98354
1,98360
2,98362
1,98368
1,98371
1,98373
2,98382
2,98383
1,98387
1,98390
2,98391
1,98404
1,98408
1,98409
2,98444
2,98466
1,98499
2,98501
1,98502
1,98503
3,98516
6,98520
4,98531
1,98532
1,98550
1,98579
2,98597
2,98604
2,98632
3,98662
2,98665
1,98674
3,98683
2,98684
7,98801
3,98802
7,98837
1,98841
4,98901
4,98902
3,98903
1,98922
1,99004
1,99019
2,99037
1,99205
2,99206
2,99208
2,99212
1,99216
1,99218
1,99224
2,99301
15,99336
12,99352
1,99403
1,99501
1,99502
1,99503
2,99504
1,99515
1,99577
1,99611
1,99669
3,99701
1,99709
1,99801
