number_of_fastfood,zip_code1,zip_code
1,01923-3619,01923
1,02111-1318,02111
1,02916-2020,02916
1,04938-6124,04938
1,05301-9049,05301
1,06492-2410,06492
1,07111-4718,07111
2,10001,10001
3,10002,10002
2,10003,10003
1,10005,10005
1,10006,10006
1,10007,10007
1,10009,10009
2,10010,10010
2,10011,10011
1,10014,10014
1,10016,10016
1,10018,10018
1,10019,10019
1,10022,10022
2,10025,10025
2,10027,10027
2,10029,10029
1,10030,10030
1,10033,10033
1,10034,10034
3,10036,10036
2,10038,10038
1,10039,10039
1,10128,10128
2,1020,1020
1,1027,1027
1,10306,10306
1,10310,10310
1,10314,10314
1,1040,1040
2,10451,10451
1,10452,10452
2,10455,10455
1,10456,10456
3,10457,10457
1,10458,10458
1,10460,10460
3,10461,10461
2,10462,10462
1,10463,10463
1,10465,10465
1,10466,10466
1,10467,10467
1,10469,10469
3,10475,10475
1,10541,10541
1,10550,10550
1,10567,10567
1,10573,10573
1,1060,1060
1,1073,1073
1,10801,10801
1,10901,10901
1,10940,10940
1,10990,10990
1,1104,1104
1,11050,11050
1,1106,1106
1,1109,1109
1,11103,11103
3,11201,11201
2,11203,11203
1,11205,11205
1,11207,11207
3,11208,11208
1,11214,11214
1,11216,11216
1,11220,11220
1,11222,11222
1,11223,11223
1,11233,11233
1,11235,11235
3,11236,11236
1,11237,11237
1,11360,11360
1,11361,11361
1,11364,11364
1,11365,11365
1,11367,11367
2,11373,11373
1,11374,11374
1,11379,11379
1,11415,11415
1,11418,11418
1,11420,11420
1,11427,11427
2,11433,11433
1,11530,11530
1,11550,11550
1,11554,11554
1,11572,11572
1,11580,11580
1,11694,11694
1,11701,11701
1,11722,11722
1,11726,11726
1,11743,11743
1,11756,11756
1,11772,11772
1,11776,11776
1,11780,11780
1,11784,11784
1,11787,11787
1,11792,11792
1,11798,11798
1,11801,11801
1,11967,11967
2,1201,1201
2,12043,12043
1,12110,12110
1,12118,12118
1,12130,12130
1,12180,12180
1,12182,12182
3,12203,12203
1,12205,12205
1,1230,1230
2,1238,1238
1,1240,1240
2,12401,12401
1,12413,12413
1,12453,12453
1,1247,1247
1,12524,12524
1,12538,12538
1,12546,12546
2,12553,12553
1,12701,12701
1,12754,12754
1,12801,12801
1,12834,12834
1,12866,12866
7,12901,12901
1,12953,12953
1,12983,12983
2,13021,13021
1,13027,13027
1,13031,13031
1,13032,13032
1,13039,13039
1,13045,13045
1,13069,13069
1,13090,13090
2,13126,13126
1,13148,13148
1,13208,13208
1,13210,13210
2,13212,13212
1,13219,13219
1,13346,13346
1,13365,13365
5,13421,13421
6,13440,13440
1,13490,13490
1,13492,13492
1,13501,13501
3,13502,13502
2,13601,13601
1,13617,13617
1,13637,13637
3,13662,13662
1,13669,13669
2,13676,13676
1,13753,13753
2,13760,13760
1,13790,13790
1,13815,13815
6,13820,13820
3,13827,13827
2,13850,13850
3,13904,13904
1,13905,13905
2,14043,14043
2,14075,14075
1,14094,14094
1,14141,14141
1,14150,14150
2,1420,1420
1,14207,14207
1,14221,14221
1,14304,14304
3,1432,1432
1,14414,14414
2,14420,14420
1,14445,14445
1,14450,14450
1,14456,14456
2,1453,1453
2,14564,14564
1,14580,14580
1,14606,14606
1,14607,14607
1,14616,14616
1,14620,14620
1,14621,14621
1,14626,14626
1,14701,14701
1,14760,14760
2,14779,14779
1,14843,14843
3,14850,14850
2,14870,14870
1,14891,14891
1,14903,14903
1,15005,15005
1,1501,1501
1,15012,15012
1,15017,15017
1,15034,15034
1,15068,15068
1,15120,15120
1,15122,15122
1,15132,15132
2,15137,15137
1,15222-1811,15222
1,15224,15224
1,15227,15227
4,15235,15235
1,15236,15236
1,15237,15237
1,15238,15238
1,15301,15301
1,15370,15370
1,1540,1540
1,15425,15425
2,1550,1550
4,15501,15501
1,15533,15533
3,15601,15601
2,15642,15642
1,15650,15650
1,15656,15656
1,15656-9420,15656
1,15668,15668
1,15672,15672
1,15701,15701
1,1581,1581
2,15825,15825
1,15905,15905
1,1601,1601
1,1604,1604
1,16066,16066
2,16127,16127
1,16148,16148
8,16335,16335
1,16401-8211,16401
1,16415,16415
1,16509,16509
2,16652,16652
2,16823,16823
1,16830,16830
1,16866,16866
3,16933,16933
1,1701,1701
3,17013,17013
1,17022,17022
2,17025,17025
1,17038,17038
2,17042,17042
3,17043,17043
3,17044,17044
5,17050,17050
1,17055,17055
1,17067,17067
1,17101,17101
1,17109,17109
1,17110,17110
1,1720,1720
9,17201,17201
2,17202,17202
2,17225,17225
1,17236,17236
3,17257,17257
2,17268,17268
1,17319,17319
2,17325,17325
2,17331,17331
1,17340,17340
1,17401,17401
4,17402,17402
2,17404,17404
1,17512,17512
1,1752,1752
1,17522,17522
1,17545,17545
1,17552,17552
1,17566,17566
1,17566-9116,17566
1,1757,1757
2,17602,17602
8,17701,17701
1,17702,17702
1,17740,17740
1,17754,17754
2,17756,17756
1,17801,17801
8,17815,17815
2,17821,17821
1,17824,17824
1,17831,17831
5,17837,17837
1,17844,17844
1,17847,17847
1,17866,17866
1,17870,17870
1,17872,17872
1,17876,17876
1,17901,17901
1,17931,17931
1,17963,17963
1,17976,17976
1,1801,1801
2,18015,18015
1,18017,18017
2,1803,1803
1,18032,18032
1,18036,18036
1,18049,18049
1,18052,18052
1,18069,18069
1,18073,18073
1,18078,18078
1,18087,18087
1,18103,18103
1,18109,18109
4,18202,18202
1,1821,1821
1,18229,18229
1,1824,1824
1,18301,18301
1,18321,18321
1,18326,18326
1,18336,18336
1,18337,18337
2,18360,18360
1,18407,18407
2,18411,18411
1,18428,18428
5,1843,1843
1,18436,18436
1,1844,1844
1,18503,18503
1,18508,18508
1,1851,1851
1,1854,1854
1,18612,18612
1,1862,1862
4,18640,18640
1,18640-3907,18640
1,18644,18644
2,18657,18657
1,18661,18661
1,18701,18701
5,18702,18702
5,18704,18704
1,18705,18705
2,18706,18706
2,18707,18707
1,18708,18708
2,1876,1876
2,1886,1886
1,1890,1890
1,18914,18914
1,18929,18929
1,18951,18951
2,19020,19020
1,19025,19025
1,19047,19047
1,19063-3411,19063
1,19082,19082
1,19102,19102
2,19103,19103
2,19106,19106
1,19107,19107
1,19111,19111
1,19115,19115
1,19121,19121
1,19122,19122
2,19124,19124
1,19128,19128
1,1913,1913
1,19131,19131
1,19134,19134
1,19135,19135
1,19139,19139
1,19147,19147
2,19148,19148
2,1915,1915
1,19150,19150
1,19152,19152
2,19153,19153
2,19154,19154
1,1923,1923
1,19320,19320
1,19341,19341
1,19355,19355
1,19382,19382
1,19401,19401
1,19403,19403
2,19428,19428
1,19446,19446
1,19468,19468
1,19526,19526
1,19530,19530
1,1960,1960
1,19605,19605
2,19606,19606
1,19607,19607
1,19611,19611
1,19702,19702
4,19711,19711
1,19806,19806
1,19808,19808
3,19901,19901
1,19930,19930
2,19934,19934
1,19952,19952
2,19963,19963
3,19966,19966
1,19966-4737,19966
6,19971,19971
2,19973,19973
2,19975,19975
1,19977,19977
1,19980,19980
1,20001,20001
5,20002,20002
1,20004,20004
1,20005,20005
2,20006,20006
1,20007,20007
1,20008,20008
1,20009,20009
2,20011,20011
1,20015,20015
3,20016,20016
1,20017,20017
1,20020,20020
5,20109,20109
1,20110,20110
1,20115,20115
1,20121,20121
1,20135,20135
2,20151,20151
2,20155,20155
1,20165,20165
1,20166,20166
1,20169,20169
2,20170,20170
2,20171,20171
3,20186,20186
1,20187,20187
1,20194,20194
2,2032,2032
1,2035,2035
3,2038,2038
2,2053,2053
2,20646,20646
3,20650,20650
1,20653,20653
1,20659,20659
2,20678,20678
1,20688,20688
1,20705,20705
1,20714,20714
1,2072,2072
1,20723,20723
1,20733,20733
1,20740,20740
5,20743,20743
1,20745,20745
1,20746,20746
1,20770,20770
2,20772,20772
3,20782,20782
1,20784,20784
2,20785,20785
1,20794,20794
1,20814,20814
1,20817,20817
1,20850,20850
3,20852,20852
1,20855,20855
2,20874,20874
1,20876,20876
3,20877,20877
1,20879,20879
1,20886,20886
1,20901,20901
2,20902,20902
1,20904,20904
2,20906,20906
1,20910,20910
1,21001,21001
2,21015,21015
2,21029,21029
2,21030,21030
1,21042,21042
3,21044,21044
1,21046,21046
1,21060,21060
2,21061,21061
2,21074,21074
2,21075,21075
3,2108,2108
1,21085,21085
2,2109,2109
1,21090,21090
1,21093,21093
1,2110,2110
1,2111,2111
1,21117,21117
2,21122,21122
1,21146,21146
3,21157,21157
4,21204,21204
2,21207,21207
2,21208,21208
1,21210,21210
1,21214,21214
1,21215,21215
1,21221,21221
1,21222,21222
1,21223,21223
1,21227,21227
1,21230,21230
1,21231,21231
1,21234,21234
2,21236,21236
2,21237,21237
1,21244,21244
3,21286,21286
1,2131,2131
2,2132,2132
1,2134,2134
2,21401,21401
1,21409,21409
2,2143,2143
1,2150,2150
4,21502,21502
1,2151,2151
1,21532,21532
3,2155,2155
2,21601,21601
4,2169,2169
1,2170,2170
3,21701,21701
2,21702,21702
2,21703,21703
3,21704,21704
2,2171,2171
5,21740,21740
1,21742,21742
1,21750,21750
1,21771,21771
1,21774,21774
1,21784,21784
5,21801,21801
1,21804,21804
1,2184,2184
8,21842,21842
2,21853,21853
1,21875,21875
1,2189,2189
1,2190,2190
3,21921,21921
1,22015,22015
1,22025,22025
1,22026,22026
3,22031,22031
2,22033,22033
1,22042,22042
1,22046,22046
1,22134,22134
1,2215,2215
1,22150,22150
1,22151,22151
1,22182,22182
2,22191,22191
1,22192,22192
1,22193,22193
1,22202,22202
2,22203,22203
1,22306,22306
1,22315,22315
2,22401,22401
2,22405,22405
1,22406,22406
3,22407,22407
2,22408,22408
1,22427,22427
1,22485,22485
2,22554,22554
1,22556,22556
1,22560,22560
1,22565,22565
3,22601,22601
3,22603,22603
2,22630,22630
1,22645,22645
1,22655,22655
1,22664,22664
4,22701,22701
3,22801,22801
1,22812,22812
3,22835,22835
1,22841,22841
1,22844,22844
3,22901,22901
2,22902,22902
1,22903,22903
2,22911,22911
1,22939,22939
3,22942,22942
1,22960,22960
2,22980,22980
1,23005,23005
1,2301,2301
2,2302,2302
2,23059,23059
2,23060,23060
5,23061,23061
2,23111,23111
6,23112,23112
2,23113,23113
15,23185,23185
1,23188,23188
1,23219,23219
1,23221,23221
1,23225,23225
1,23228,23228
2,23229,23229
3,23230,23230
1,23231,23231
3,23234,23234
3,23235,23235
1,23236,23236
2,23294,23294
3,23320,23320
2,23321,23321
1,23322,23322
1,23325,23325
1,23336,23336
1,2339,2339
1,23435,23435
1,23451,23451
3,23452,23452
3,23455,23455
1,23462,23462
3,23464,23464
2,23502,23502
1,23503,23503
1,23517,23517
1,23518,23518
1,2356,2356
1,2360,2360
1,23602,23602
1,23604,23604
1,23606,23606
2,2364,2364
1,23661,23661
3,23666,23666
1,23669,23669
1,2368,2368
1,23707,23707
2,2379,2379
4,23803,23803
1,23824,23824
2,23831,23831
2,23832,23832
1,23834,23834
1,23836,23836
2,23851,23851
1,23860,23860
1,23950,23950
8,23970,23970
4,24012,24012
6,24014,24014
3,24018,24018
2,24019,24019
1,24060,24060
4,24073,24073
1,24083,24083
2,24112,24112
1,24121,24121
1,24141,24141
1,24151,24151
10,24153,24153
1,24171,24171
1,24179,24179
1,24201,24201
1,24210,24210
1,24219,24219
1,24251-3408,24251
1,24266,24266
1,24273,24273
2,24293,24293
1,24319,24319
5,24333,24333
4,24343,24343
8,24354,24354
1,24360-3477,24360
10,24401,24401
4,24426,24426
8,24450,24450
1,24482,24482
5,24502,24502
2,2451,2451
2,24517,24517
1,24522,24522
2,24523,24523
1,24531,24531
1,24540,24540
1,24541,24541
1,24572,24572
1,24572-0618,24572
1,2459,2459
2,24592,24592
2,24614,24614
1,2464,2464
3,24641,24641
1,24651,24651
2,24701,24701
1,24739,24739
2,24801,24801
2,25015,25015
1,25143,25143
1,25186,25186
2,25271,25271
1,25302,25302
1,25304,25304
2,25309,25309
3,25313,25313
1,2536,2536
1,25389,25389
1,25401,25401
2,25404,25404
1,25411,25411
1,25438,25438
1,25530,25530
1,2554,2554
1,25570,25570
1,25601,25601
1,25701,25701
1,25702,25702
3,25703,25703
1,25705,25705
3,25801,25801
2,25813,25813
2,25840,25840
2,25901,25901
1,25962,25962
1,25962-1107,25962
9,26003,26003
3,2601,2601
2,26062,26062
1,26101,26101
2,26104,26104
1,26105,26105
1,26105-4110,26105
4,26155,26155
1,26159,26159
1,26201-2634,26201
2,26301,26301
1,26354,26354
1,26426,26426
1,26452,26452
3,26505,26505
1,2653,2653
11,26554,26554
3,26601,26601
4,26726,26726
1,26847,26847
1,27006,27006
1,27028,27028
1,2703,2703
12,27030,27030
1,27051,27051
1,27052,27052
2,27055,27055
2,27103,27103
2,27105,27105
4,27106,27106
1,27127,27127
1,2719,2719
1,27203,27203
1,27209,27209
2,2721,2721
3,27215,27215
1,2726,2726
1,27260,27260
2,27262,27262
2,27263,27263
1,27265,27265
2,27278,27278
4,27284,27284
5,27288,27288
5,27292,27292
2,27295,27295
1,27310,27310
2,27312,27312
1,27316,27316
4,27317,27317
7,27320,27320
1,27332,27332
2,27344,27344
1,27377,27377
1,2740,2740
2,27406,27406
3,27409,27409
1,2744,2744
1,27455,27455
1,2746,2746
1,27502,27502
2,27504,27504
3,27511,27511
1,27513,27513
1,27514,27514
1,27518,27518
1,27520,27520
1,27523,27523
1,27526,27526
4,27529,27529
2,27530,27530
1,27534,27534
2,27536,27536
1,27545,27545
1,27546,27546
1,27549,27549
1,27560,27560
4,27565,27565
3,27577,27577
1,27587,27587
1,27597,27597
2,27604,27604
2,27609,27609
1,27610,27610
1,27612,27612
3,27613,27613
2,27615,27615
2,27616,27616
1,2762,2762
1,2767,2767
1,27701,27701
2,27703,27703
2,27704,27704
2,27705,27705
2,27707,27707
1,27713,27713
2,2777,2777
3,27801,27801
4,27834,27834
1,27856,27856
3,27858,27858
8,27870,27870
1,27889,27889
2,27892,27892
3,27893,27893
4,27909,27909
2,27910,27910
1,27949,27949
1,27959,27959
3,27962,27962
4,28001,28001
1,28006,28006
1,28012,28012
1,28023,28023
2,28025,28025
1,28027,28027
1,28034,28034
1,28037,28037
2,28043,28043
2,28052,28052
3,28054,28054
1,28075-7526,28075
2,28078,28078
1,28079,28079
3,28083,28083
1,28097,28097
2,28104,28104
2,28105,28105
5,28110,28110
3,28117,28117
1,28134,28134
1,28137,28137
1,28139,28139
2,28144,28144
3,28147,28147
2,28150,28150
3,28152,28152
1,28159,28159
1,2816,2816
1,28170,28170
1,28174,28174
1,28206,28206
1,28208,28208
1,28210,28210
1,28211,28211
2,28215,28215
1,28226,28226
1,28262,28262
1,28269,28269
1,28273,28273
1,28301,28301
2,28303,28303
3,28306,28306
1,28307,28307
1,28314,28314
1,28315,28315
1,28327,28327
1,28334,28334
1,28337,28337
1,28345,28345
6,28352,28352
1,28365,28365
1,28377,28377
2,28379,28379
1,28384,28384
1,28390,28390
1,28401,28401
2,28403,28403
2,28405,28405
1,2842,2842
2,28425,28425
1,28428,28428
1,28445,28445
8,28451,28451
1,28461,28461
1,28501,28501
1,2852,2852
1,28532,28532
2,28540,28540
1,28544,28544
2,28546,28546
2,28547,28547
1,28557,28557
1,28562,28562
4,28584,28584
3,28601,28601
3,28602,28602
9,28607,28607
1,2861,2861
1,28613,28613
1,28625,28625
1,2863,2863
1,28638,28638
3,28645,28645
1,2865,2865
3,28655,28655
2,28659,28659
2,28677,28677
1,28681,28681
1,28704,28704
2,28713,28713
1,28716,28716
1,28719,28719
1,28731,28731
6,28734,28734
3,28752,28752
1,28759,28759
1,28768,28768
1,28777,28777
2,28779,28779
4,28786,28786
1,28787,28787
1,28792,28792
4,28803,28803
1,2886,2886
1,28906,28906
1,2891,2891
1,2893,2893
2,2895,2895
3,29006,29006
2,29010,29010
7,29020,29020
1,2903,2903
3,2904,2904
1,29042,29042
1,29045,29045
1,29063,29063
4,29072,29072
2,29073,29073
2,2909,2909
6,29102,29102
1,29108,29108
8,29115,29115
2,29138,29138
1,2914,2914
1,29142,29142
1,2916,2916
3,29169,29169
1,2917,2917
2,29170,29170
2,29180,29180
1,2919,2919
2,2920,2920
1,29201,29201
3,29203,29203
1,29204,29204
2,29206,29206
3,29209,29209
4,29210,29210
3,29212,29212
4,29223,29223
1,29229,29229
5,29301,29301
1,29302,29302
3,29303,29303
1,29316,29316
2,29325,29325
1,29340,29340
1,29341,29341
1,29356,29356
2,29360,29360
1,29379,29379
1,29385,29385
1,29388,29388
4,29405,29405
2,29406,29406
1,29407,29407
1,29414,29414
5,29418,29418
1,29420,29420
1,29424,29424
1,29440,29440
1,29445,29445
2,29455,29455
1,29456,29456
1,29461,29461
1,29464,29464
2,29466,29466
1,29477,29477
2,29483,29483
4,29485,29485
1,29486,29486
1,29488,29488
1,29492,29492
1,29492-8382,29492
4,29501,29501
1,29505,29505
3,29512,29512
2,29526,29526
2,29532,29532
2,29536,29536
2,29550,29550
1,29556,29556
1,29565,29565
1,29569,29569
1,29571,29571
1,29574,29574
2,29575,29575
1,29576,29576
4,29577,29577
1,29579,29579
3,29582,29582
2,29588,29588
1,29605,29605
5,29607,29607
1,29609,29609
4,29611,29611
1,29615,29615
4,29621,29621
2,29624,29624
2,29631,29631
1,29640,29640
1,29642,29642
1,29644,29644
4,29649,29649
1,29662,29662
1,29671,29671
2,29673,29673
2,29678,29678
2,29680,29680
2,29681,29681
2,29690,29690
1,29692,29692
1,29697,29697
2,29702,29702
1,29707,29707
2,29708,29708
2,29710,29710
2,29715,29715
3,29720,29720
2,29728,29728
3,29730,29730
2,29732,29732
3,29745,29745
1,29801,29801
2,29803,29803
1,29851,29851
1,29860,29860
1,29902,29902
1,29907,29907
1,29910,29910
1,29924,29924
2,29926,29926
1,29928,29928
1,29935,29935
4,29936,29936
2,30004,30004
1,30005,30005
1,30008,30008
1,30013,30013
4,30014,30014
2,30019,30019
2,30024,30024
1,30030,30030
5,30032,30032
1,30032-4157,30032
1,30033,30033
2,30034,30034
1,30038,30038
3,30041,30041
2,30043,30043
2,30044,30044
1,30045,30045
1,30046,30046
2,30047,30047
2,30052,30052
2,30058,30058
3,30060,30060
1,30060-9208,30060
1,30064,30064
5,30066,30066
1,30067,30067
3,30071,30071
3,30075,30075
2,30076,30076
2,30078,30078
1,30080,30080
2,30083,30083
1,30084,30084
3,30092,30092
2,30094,30094
1,30097,30097
1,30101,30101
1,30102,30102
1,30103,30103
1,30106,30106
5,30114,30114
1,30115,30115
3,30117,30117
2,30120,30120
1,30125,30125
1,30134,30134
1,30135,30135
1,30135-1511,30135
1,30141,30141
1,30143,30143
2,30144,30144
1,30152,30152
2,30153,30153
2,30161,30161
2,30165,30165
2,30168,30168
3,30188,30188
1,30189,30189
1,30213,30213
3,30214,30214
3,30223,30223
1,30223-1754,30223
3,30233,30233
2,30236,30236
2,30240,30240
1,30248,30248
1,30252,30252
2,30253,30253
1,30260,30260
1,30265,30265
2,30268,30268
1,30269,30269
1,30272,30272
1,30274,30274
1,30276,30276
4,30281,30281
1,30281-6380,30281
1,30294,30294
1,30295,30295
2,30303,30303
1,30305,30305
1,30308,30308
1,30309,30309
1,30311,30311
1,30316,30316
1,30318,30318
1,30320,30320
3,30328,30328
3,30329,30329
3,30331,30331
3,30336,30336
1,30337,30337
3,30338,30338
3,30339,30339
2,30341,30341
1,30344,30344
1,30345,30345
1,30349,30349
4,30350,30350
1,30360,30360
2,3038,3038
6,30401,30401
3,3042,3042
1,30453,30453
4,30458,30458
2,30474,30474
3,30501,30501
1,30512,30512
3,30513,30513
1,30517,30517
3,30518,30518
1,30518-1714,30518
1,30519,30519
1,30525,30525
1,30529,30529
3,30534,30534
1,30539,30539
1,3054,3054
2,30540,30540
4,30542,30542
1,30549,30549
1,30566,30566
4,3060,3060
1,30601,30601
2,30605,30605
2,30606,30606
2,3063,3063
1,30655,30655
2,30662,30662
3,30680,30680
1,30680-2081,30680
1,30701,30701
1,30707,30707
2,30720,30720
1,30721,30721
1,30736,30736
1,30741,30741
1,30742,30742
1,30747,30747
1,30752,30752
1,3079,3079
1,30809,30809
1,30813,30813
5,30830,30830
1,30901,30901
1,30904,30904
1,30906,30906
2,30907,30907
2,30909,30909
1,31005,31005
1,31008,31008
1,3102,3102
1,31021,31021
1,31028,31028
2,31029,31029
2,3103,3103
2,31030,31030
1,31032,31032
1,3106,3106
1,31069,31069
2,31093,31093
1,31098,31098
1,31201,31201
1,31204,31204
1,31206,31206
4,31210,31210
1,31211,31211
1,31216,31216
2,31313,31313
1,31314,31314
1,31322,31322
1,31324,31324
3,31326,31326
2,31404,31404
1,31405,31405
2,31406,31406
2,31410,31410
1,31419,31419
1,31501,31501
1,31501-1005,31501
5,31520,31520
1,31522,31522
1,31525,31525
2,31533,31533
1,31537,31537
1,31548,31548
3,31601,31601
3,31602,31602
1,31605,31605
1,31636,31636
2,31643,31643
1,31701,31701
1,31704,31704
4,31707,31707
1,31730,31730
1,31763,31763
3,31792,31792
3,31793,31793
6,31794,31794
1,31901,31901
2,31904,31904
1,31905,31905
1,31906,31906
2,31907,31907
5,31909,31909
3,32055,32055
1,32073,32073
4,32084,32084
1,32091,32091
1,32092,32092
1,32114,32114
1,32117,32117
1,32118,32118
1,32124,32124
2,32127,32127
1,32136,32136
3,32168,32168
2,32174,32174
1,32177,32177
1,32207,32207
2,32216,32216
1,32217,32217
1,32218,32218
1,32219,32219
1,32222,32222
1,32223,32223
2,32225,32225
1,32234,32234
1,32244,32244
2,32246,32246
2,32256,32256
1,32257,32257
1,32259,32259
2,32277,32277
3,32301,32301
1,32303,32303
4,32304,32304
1,32311,32311
1,32340,32340
1,3235,3235
1,32351,32351
2,32401,32401
1,32404,32404
2,32405,32405
2,32407,32407
3,32408,32408
2,32413,32413
2,3246,3246
6,32504,32504
2,32505,32505
1,32506,32506
2,32507,32507
1,32526,32526
1,3253,3253
3,32533,32533
4,32536,32536
1,32542,32542
1,32548,32548
1,32569,32569
3,32571,32571
1,32578,32578
1,32608,32608
1,32628,32628
1,32643,32643
2,32669,32669
1,32694,32694
1,32703,32703
1,32714,32714
1,32726,32726
1,32746,32746
1,32750,32750
1,3276,3276
1,32765,32765
1,32771,32771
1,32780,32780
1,32789,32789
3,32792,32792
1,32805,32805
2,32806,32806
1,32807,32807
4,32808,32808
3,32809,32809
1,32810,32810
1,32811,32811
1,32812,32812
3,32817,32817
2,32819,32819
1,32821,32821
1,32822,32822
1,32826,32826
2,32828,32828
1,32832,32832
1,32835,32835
2,32836,32836
1,32837,32837
1,32837-6636,32837
2,32904,32904
1,32907,32907
1,32909,32909
1,32922,32922
2,32935,32935
1,32952,32952
1,32955,32955
2,32958,32958
1,33009,33009
2,3301,3301
5,33010,33010
2,33013,33013
2,33014,33014
6,33015,33015
5,33016,33016
1,33020,33020
1,33021,33021
1,33023,33023
2,33024,33024
2,33027,33027
1,3303,3303
1,33032,33032
5,33033,33033
3,33034,33034
1,33036,33036
2,33037,33037
2,33040,33040
4,33050,33050
3,33055,33055
1,33060,33060
1,33062,33062
1,33063,33063
3,33065,33065
2,33068,33068
1,33069,33069
1,33070,33070
1,33076,33076
1,33122,33122
1,33125,33125
1,33126,33126
1,33127,33127
2,33130,33130
3,33131,33131
1,33134,33134
2,33137,33137
1,33138,33138
2,33139,33139
1,33142,33142
2,33144,33144
2,33145,33145
3,33155,33155
1,33156,33156
4,33157,33157
3,33160,33160
1,33161,33161
3,33162,33162
4,33165,33165
4,33166,33166
2,33168,33168
1,33169,33169
2,33174,33174
1,33175,33175
1,33177,33177
1,33178,33178
1,33180,33180
4,33181,33181
4,33184,33184
1,33186,33186
1,33189,33189
2,33304,33304
1,33309,33309
5,33311,33311
5,33312,33312
2,33313,33313
1,33314,33314
3,33316,33316
2,33319,33319
1,33323,33323
1,33324,33324
1,33326,33326
1,33328,33328
2,33330,33330
1,33331,33331
2,33351,33351
2,33388,33388
1,33401,33401
1,33403,33403
1,33404,33404
1,33406,33406
5,33411,33411
2,33413,33413
2,33414,33414
3,33415,33415
1,33418,33418
3,33426,33426
1,33435,33435
1,33442,33442
1,33449,33449
1,33460,33460
1,33462,33462
1,33463,33463
1,33467,33467
1,33478,33478
1,33484,33484
1,33486,33486
1,33511,33511
1,33534,33534
1,33548,33548
1,33566,33566
1,33584,33584
2,33594,33594
2,33596,33596
1,33602,33602
1,33605,33605
1,33606,33606
2,33607,33607
2,33609,33609
1,33611,33611
4,33612,33612
2,33614,33614
2,33615,33615
3,33619,33619
1,33629,33629
1,33647,33647
2,33701,33701
1,33702,33702
1,33703,33703
1,33706,33706
2,33707,33707
1,33711,33711
1,33713,33713
1,33759,33759
1,33762,33762
1,33764,33764
2,33765,33765
2,33777,33777
2,33781,33781
1,33801,33801
1,33801-2601,33801
1,33803,33803
1,33809,33809
1,33813,33813
1,33823,33823
1,33825,33825
1,33844,33844
1,33853,33853
1,33859,33859
1,33880,33880
1,33896,33896
1,33901,33901
1,33903,33903
1,33909,33909
2,33912,33912
1,33917,33917
1,33928,33928
1,33936,33936
1,33948,33948
3,33950,33950
1,33971,33971
1,34104,34104
1,34109,34109
1,34110,34110
1,34134,34134
1,34208,34208
1,34209,34209
1,34210,34210
1,34212,34212
1,34221,34221
1,34223,34223
2,34233,34233
1,34234,34234
1,34285,34285
1,34287,34287
1,34288,34288
1,34292,34292
2,3431,3431
1,34453,34453
1,34473,34473
1,3461,3461
1,34652,34652
1,34653,34653
1,34655,34655
1,34668,34668
1,34669,34669
1,34677,34677
2,34684,34684
2,34689,34689
2,34711,34711
1,34714,34714
2,34736,34736
3,34743,34743
1,34744,34744
5,34746,34746
2,34761,34761
1,34769,34769
1,34786,34786
1,34787,34787
2,34788,34788
4,34953,34953
1,34974,34974
4,34986,34986
1,34987,34987
1,34994,34994
2,35004,35004
1,35010,35010
1,35022,35022
5,35023,35023
2,35040,35040
1,35043,35043
2,35045,35045
1,35055,35055
1,35058,35058
1,35062,35062
3,35071,35071
1,35071-4617,35071
1,35080,35080
2,35094,35094
1,35111,35111
4,35121,35121
5,35124,35124
5,35125,35125
1,35126,35126
1,35146,35146
1,35180,35180
1,35204,35204
2,35208,35208
1,35210,35210
1,35211,35211
1,35214,35214
1,35215,35215
1,35217,35217
2,35235,35235
1,35244,35244
2,35404,35404
2,35405,35405
7,35476,35476
1,35501,35501
2,35565,35565
1,35582,35582
1,35594,35594
2,35601,35601
2,35603,35603
3,35611,35611
3,35630,35630
1,35640,35640
1,35653,35653
1,35661,35661
1,35750-8653,35750
1,35759,35759
6,35763,35763
1,35801,35801
3,35810,35810
1,35811,35811
1,35816,35816
2,35901,35901
1,35903,35903
1,35954,35954
1,35960,35960
1,35986,35986
1,36027,36027
1,36043,36043
2,36083,36083
1,36107,36107
3,36109,36109
2,36110,36110
1,36112,36112
1,36116,36116
2,36117,36117
2,36201,36201
4,36203,36203
1,36265,36265
8,36301,36301
2,36303,36303
1,36340,36340
3,36420,36420
4,36426,36426
1,36467,36467
4,36502,36502
4,36507,36507
1,36532,36532
11,36535,36535
1,36542,36542
3,36545,36545
1,36551,36551
1,36560,36560
2,36561,36561
2,36571,36571
1,36575,36575
1,36602,36602
2,36606,36606
1,36607,36607
2,36608,36608
2,36609,36609
2,36618,36618
1,36619,36619
1,36695,36695
1,36732,36732
2,36784,36784
3,36801,36801
1,36830,36830
1,36832,36832
4,36854,36854
4,36867,36867
2,37013,37013
3,37015,37015
3,37027,37027
2,37030,37030
1,37033,37033
1,37040,37040
2,37042,37042
2,37043,37043
1,37055,37055
1,37058,37058
5,37064,37064
2,37066,37066
2,37072,37072
1,37074,37074
2,37076,37076
1,37082,37082
2,37083,37083
3,37086,37086
1,37087-3301,37087
1,37091,37091
1,37096,37096
2,37110,37110
2,37115,37115
2,37122,37122
1,37128,37128
4,37129,37129
4,37130,37130
3,37167,37167
1,37172,37172
1,37174,37174
1,37188,37188
3,37203,37203
1,37204,37204
1,37206,37206
1,37209,37209
1,37210,37210
1,37211,37211
2,37214,37214
2,37215,37215
1,37217,37217
2,37221,37221
1,37228,37228
2,37303,37303
1,37311,37311
2,37323,37323
2,37324,37324
1,37327,37327
3,37343,37343
1,37347,37347
2,37355,37355
1,37356-2117,37356
1,37363,37363
1,37377,37377
1,37379,37379
1,37380,37380
1,37381,37381
1,37385,37385
1,37388,37388
3,37405,37405
1,37406,37406
1,37408,37408
1,37411,37411
2,37412,37412
2,37415,37415
2,37421,37421
1,37421-3221,37421
1,37601,37601
3,37604,37604
2,37659,37659
2,37660,37660
2,37686,37686
1,37701,37701
4,37716,37716
2,37745,37745
3,37748,37748
1,37760,37760
1,37764,37764
1,37769,37769
1,37771,37771
1,37774,37774
1,37777,37777
1,37801,37801
1,37804,37804
1,37814,37814
3,37821,37821
3,37830,37830
1,37841,37841
1,37849,37849
1,37857,37857
1,37862,37862
1,37874,37874
2,37876,37876
1,37879,37879
2,37890,37890
2,37912,37912
1,37914,37914
1,37917,37917
1,37918,37918
2,37919,37919
1,37921,37921
3,37922,37922
4,37923,37923
1,37931,37931
1,37932,37932
4,37934,37934
1,38002,38002
1,38004,38004
2,3801,3801
1,38017,38017
1,38018,38018
1,38019,38019
1,38053,38053
2,38059,38059
1,38060,38060
1,38063,38063
1,38068,38068
1,38103,38103
4,38104,38104
1,38106,38106
1,38109,38109
2,38111,38111
4,38115,38115
4,38116,38116
1,38117,38117
4,38118,38118
1,38119,38119
1,38122,38122
2,38125,38125
1,38134,38134
1,38135,38135
2,38138,38138
2,38141,38141
1,3820,3820
1,38237,38237
3,38242,38242
4,38305,38305
2,38310,38310
1,38340,38340
1,38372,38372
1,38379,38379
2,38401,38401
1,38478,38478
1,38485,38485
2,38501,38501
1,38506,38506
5,38555,38555
1,38606,38606
4,38614,38614
1,3862,3862
1,38632,38632
2,38635,38635
1,38637,38637
1,38654,38654
3,38655,38655
2,38663,38663
1,38664,38664
1,38668,38668
1,3867,3867
3,38671,38671
2,38672,38672
6,38701,38701
3,38703,38703
8,38732,38732
2,3874,3874
5,38751,38751
1,38756,38756
10,38801,38801
1,38801-3147,38801
2,38804,38804
4,38821,38821
4,38829,38829
1,38834,38834
1,38834-4121,38834
1,38851,38851
1,38860,38860
7,38863,38863
1,3890,3890
1,38901,38901
1,38916,38916
2,38930,38930
1,38967,38967
2,39083,39083
1,39090,39090
1,39180,39180
1,39202,39202
2,39204,39204
2,39206,39206
1,39208,39208
2,39209,39209
1,39213,39213
1,39213-7646,39213
1,39232,39232
1,39341,39341
1,39402-1352,39402
1,39437-2413,39437
2,39440,39440
1,39452-6632,39452
2,39465,39465
1,39466,39466
1,39470,39470
5,39503,39503
1,39531,39531
1,39553,39553
1,39564,39564
2,39581,39581
1,39702,39702
1,39759,39759
1,39819,39819
1,39823,39823
3,40014,40014
2,40031,40031
2,40033,40033
1,4005,4005
1,40065,40065
1,40067,40067
2,40108,40108
1,4011,4011
1,40143,40143
2,40165,40165
1,40202,40202
3,40207,40207
2,40208,40208
4,40213,40213
1,40214,40214
1,40216,40216
3,40219,40219
1,40220,40220
5,40222,40222
2,40223,40223
1,40229,40229
2,40241,40241
2,40258,40258
2,40291,40291
2,40324,40324
4,40330,40330
7,40351,40351
1,40353,40353
1,40356,40356
2,40361,40361
1,4038,4038
2,40380,40380
3,40383,40383
1,4040,4040
1,40403,40403
2,40422,40422
1,4043,4043
1,40460,40460
1,40475,40475
1,40502,40502
3,40503,40503
2,40505,40505
1,40507,40507
1,40508,40508
4,40509,40509
2,40511,40511
1,40513,40513
3,40601,40601
2,4062,4062
1,40701,40701
2,4072,4072
2,4074,4074
1,40741-1070,40741
7,40769,40769
1,40831,40831
1,40906,40906
1,4092,4092
2,40962,40962
1,40977,40977
4,41001,41001
7,41005,41005
3,41008,41008
1,41008-8031,41008
2,4101,4101
3,41011,41011
5,41015,41015
5,41017,41017
4,41018,41018
3,41031,41031
1,41035,41035
19,41042,41042
9,41048,41048
4,41051,41051
6,41056,41056
1,4106,4106
8,41071,41071
3,41073,41073
7,41076,41076
5,41094,41094
6,41101,41101
1,41102,41102
5,41143,41143
2,41144,41144
2,41230,41230
5,41240,41240
1,41240-1805,41240
1,41301,41301
2,41339,41339
2,41465,41465
1,41472,41472
6,41501,41501
6,41653,41653
5,41701,41701
2,41858,41858
3,42001,42001
4,42025,42025
1,42025-7123,42025
1,42038,42038
1,42041,42041
1,42064,42064
2,42066,42066
4,42071,42071
2,4210,4210
9,42101,42101
1,42104,42104
1,42127,42127
1,42134,42134
9,42141,42141
1,42141-1129,42141
1,42141-1543,42141
2,42164,42164
1,42167,42167
1,42206,42206
2,42223,42223
2,42240,42240
1,42262,42262
6,42301,42301
1,42303,42303
3,42320,42320
1,42330,42330
1,42345,42345
1,42431,42431
2,42437,42437
1,42445,42445
7,42501,42501
1,4252,4252
1,42539,42539
2,42602,42602
1,42642,42642
1,42653,42653
2,42701,42701
1,42718,42718
4,42728,42728
1,42754,42754
2,4281,4281
3,43015,43015
1,43025,43025
3,43026,43026
1,43031,43031
2,43035,43035
1,43040,43040
2,43050,43050
1,43054,43054
2,43055,43055
2,43056,43056
1,43064,43064
1,43065,43065
1,43068,43068
3,43074,43074
2,43123,43123
1,43140,43140
1,43147,43147
6,43160,43160
1,43202,43202
4,43204,43204
1,43207,43207
1,43209,43209
1,43212,43212
1,43213,43213
1,43214,43214
1,43219,43219
1,43223,43223
3,43229,43229
1,43230-1374,43230
1,43232,43232
2,43235,43235
1,43240,43240
6,4330,4330
1,43302,43302
2,43311,43311
1,43316,43316
1,43326,43326
3,43420,43420
1,4345,4345
1,43452,43452
1,43456,43456
1,43506,43506
1,43528,43528
1,43537,43537
1,43545,43545
1,43551,43551
1,43560,43560
1,43567,43567
3,43605,43605
1,43606,43606
2,43609,43609
1,43614,43614
2,43615,43615
1,43616,43616
1,43617,43617
11,43701,43701
1,43701-1409,43701
1,43724-9680,43724
1,43725,43725
1,43812,43812
1,43840,43840
2,43906,43906
1,43907,43907
1,43935,43935
1,43953,43953
4,44001,44001
5,44004,44004
9,4401,4401
2,44011,44011
2,44017,44017
1,44023,44023
5,44035,44035
1,44041,44041
1,44047,44047
1,44050,44050
1,44052,44052
1,44055,44055
1,44057,44057
4,44060,44060
1,44070,44070
1,44077,44077
2,44089,44089
1,44092,44092
3,44094,44094
1,44095,44095
1,44103,44103
1,44106,44106
1,44107,44107
1,44109,44109
1,44111,44111
3,44112,44112
1,4412,4412
1,44120,44120
1,44121,44121
3,44125,44125
1,44126,44126
3,44128,44128
6,44130,44130
1,44133,44133
1,44134,44134
1,44136,44136
1,44141,44141
1,44144,44144
3,44146,44146
1,44212,44212
1,44223,44223
1,44224,44224
2,44240,44240
1,44241,44241
1,44255,44255
1,44266,44266
2,44312,44312
2,44313,44313
1,44333,44333
4,44410,44410
1,44432,44432
1,44444,44444
3,44446,44446
1,44460,44460
1,44483,44483
2,44484,44484
1,44505,44505
2,44512,44512
1,44514,44514
1,44614,44614
2,44615,44615
3,44622,44622
1,44644,44644
1,44646,44646
1,44647,44647
1,44654,44654
3,44657,44657
1,44663,44663
2,44667,44667
1,44683,44683
3,44691,44691
1,44706,44706
1,44708,44708
1,44709,44709
3,44718,44718
5,44720,44720
1,44721,44721
3,44805,44805
1,44811,44811
1,44820,44820
1,44830,44830
2,44833,44833
1,44839,44839
1,44842,44842
1,44857,44857
3,44870,44870
2,44875,44875
1,44883,44883
5,44890,44890
4,44903,44903
4,44906,44906
2,45005,45005
14,45011,45011
8,45013,45013
9,45014,45014
1,45015,45015
4,45030,45030
4,45039,45039
2,45040,45040
1,45040-2359,45040
1,45041,45041
2,45042,45042
2,45044,45044
4,45050,45050
5,45056,45056
2,45066,45066
1,45068,45068
16,45069,45069
4,45102,45102
1,45103,45103
3,45121,45121
1,45122,45122
3,45133,45133
3,45140,45140
3,45150,45150
4,45154,45154
1,45177,45177
2,45202,45202
1,45205,45205
1,45206,45206
2,45208,45208
1,45209,45209
7,45211,45211
1,45212,45212
3,45213,45213
3,45215,45215
2,45216,45216
1,45217,45217
3,45219,45219
1,45220-1216,45220
3,45223,45223
3,45224,45224
1,45225,45225
2,45227,45227
1,45230,45230
7,45231,45231
1,45232,45232
7,45236,45236
1,45237,45237
7,45238,45238
5,45239,45239
5,45240,45240
6,45241,45241
1,45242,45242
1,45243,45243
11,45245,45245
7,45246,45246
5,45247,45247
7,45249,45249
10,45251,45251
1,45322,45322
2,45324,45324
2,45331,45331
1,45365,45365
1,45373,45373
1,45377,45377
1,45384,45384
1,45385,45385
1,45404,45404
1,45406,45406
2,45409,45409
2,45414,45414
2,45417,45417
5,45424,45424
2,45431,45431
1,45432,45432
1,45439,45439
1,45440,45440
2,45449,45449
3,45459,45459
1,45504,45504
2,45505,45505
1,45601,45601
1,45631,45631
1,45638,45638
1,45640,45640
1,45662,45662
1,45693,45693
5,45701,45701
3,45769,45769
2,45801,45801
1,45804,45804
1,45806,45806
2,45840,45840
1,45872,45872
2,45895,45895
2,46001,46001
3,46011,46011
1,46012,46012
2,46013,46013
1,46015,46015
1,46016,46016
1,46032,46032
1,46034,46034
2,4605,4605
1,46052,46052
1,46055,46055
1,46060,46060
1,46077,46077
1,46112,46112
1,46113,46113
2,46124,46124
3,46131,46131
4,46135,46135
3,46140,46140
1,46142,46142
2,46143,46143
1,46148,46148
5,46151,46151
1,46158,46158
1,46163,46163
1,46166,46166
4,46168,46168
2,46176,46176
1,46181,46181
2,46201,46201
1,46202,46202
1,46217,46217
1,46218,46218
1,46219,46219
1,46220,46220
2,46222,46222
1,46225,46225
1,46226,46226
1,46227,46227
2,46229,46229
1,46234,46234
1,46236,46236
2,46237,46237
2,46240,46240
2,46241,46241
2,46254,46254
2,46268,46268
1,46278,46278
1,46303,46303
7,46304,46304
6,46307,46307
1,46310,46310
1,46312,46312
1,46320,46320
1,46321,46321
1,46322,46322
1,46342,46342
1,46350,46350
1,46356,46356
9,46360,46360
4,46368,46368
2,46375,46375
1,46385,46385
1,46394,46394
1,46403,46403
2,46410,46410
2,46514,46514
6,46517,46517
4,46534,46534
1,4654,4654
1,46540,46540
1,46544,46544
3,46545,46545
2,46563,46563
2,46567,46567
4,46601,46601
1,46614,46614
3,46628,46628
1,46635,46635
1,46637,46637
7,46703,46703
6,46706,46706
6,46714,46714
7,46725,46725
5,46733,46733
1,46737,46737
5,46750,46750
5,46755,46755
1,46767,46767
1,46804,46804
2,46805,46805
1,46808,46808
2,46825,46825
1,46835,46835
2,46901,46901
2,46902,46902
1,46952,46952
1,46962,46962
1,46962-1943,46962
1,46970,46970
1,47001,47001
4,47006,47006
2,47025,47025
1,47112,47112
1,47119,47119
1,47122,47122
2,47129,47129
5,47130,47130
2,47167,47167
1,47170,47170
4,47201,47201
1,47203,47203
6,47240,47240
1,47243,47243
6,47250,47250
3,47265,47265
1,4730,4730
2,47302,47302
7,47303,47303
4,47304,47304
1,47304-4449,47304
2,47306,47306
1,47327,47327
2,47331,47331
1,47334,47334
3,47348,47348
3,47362,47362
2,47371,47371
8,47374,47374
3,47394,47394
2,47404,47404
6,47421,47421
3,47441,47441
1,47446,47446
3,47454,47454
1,47460,47460
1,47469,47469
3,47501,47501
1,47542,47542
8,47546,47546
2,47553,47553
4,47586,47586
1,47591,47591
2,47601,47601
1,47601-3004,47601
2,47630,47630
4,47710,47710
4,47711,47711
3,47712,47712
3,47714,47714
2,47715,47715
1,47720,47720
3,47725,47725
2,47802,47802
3,47805,47805
3,47834,47834
3,47842,47842
1,47904,47904
3,47905,47905
12,47906,47906
1,47909,47909
1,47960,47960
2,47978,47978
2,48001,48001
1,48003-8500,48003
1,48025,48025
1,48030,48030
1,48033,48033
1,48035,48035
1,48036,48036
2,48044,48044
1,48045,48045
1,48047,48047
1,48051,48051
2,48059,48059
2,48060,48060
1,48062,48062
2,48066,48066
3,48071,48071
1,48073,48073
1,48076,48076
2,48079,48079
1,48081,48081
3,48083,48083
1,48084,48084
2,48085,48085
1,48093,48093
2,48095,48095
1,48103,48103
1,48108,48108
4,48111,48111
1,48116,48116
5,48118,48118
1,48124,48124
2,48126,48126
3,48131,48131
5,48134,48134
3,48150,48150
3,48152,48152
2,48162,48162
1,48167,48167
1,48169,48169
7,48174,48174
1,48174-2510,48174
5,48183,48183
3,48184,48184
1,48185,48185
2,48192,48192
1,48193,48193
2,48204,48204
1,48207,48207
1,48210,48210
1,48219-1223,48219
1,48224,48224
1,48226,48226
1,48228,48228
1,48229,48229
3,48234,48234
2,48236,48236
3,48238,48238
1,48309,48309
1,48310,48310
2,48313,48313
3,48315,48315
2,48326,48326
1,48327,48327
2,48328,48328
1,48336,48336
2,48341,48341
1,48341-3122,48341
1,48353,48353
1,48360,48360
1,48371,48371
4,48390,48390
2,48420,48420
1,48423,48423
3,48430,48430
2,48446,48446
1,48451,48451
1,48503,48503
4,48504,48504
2,48507,48507
3,48509,48509
1,48603,48603
2,48616,48616
1,48617,48617
1,48623,48623
1,48629,48629
2,48640,48640
1,48642,48642
1,48651,48651
1,48661,48661
1,48706,48706
1,48750,48750
1,48750-9559,48750
1,48813,48813
1,48823,48823
1,48827,48827
4,48843,48843
1,48847,48847
1,48854,48854
3,48858,48858
1,48864,48864
1,48906,48906
1,48910,48910
1,48911,48911
1,48912,48912
2,49002,49002
1,49022,49022
1,49036,49036
1,49047,49047
2,49048,49048
1,49079,49079
3,49085,49085
1,49090,49090
1,49091,49091
1,49093,49093
1,49099,49099
1,49202,49202
2,49203,49203
1,49224,49224
1,49286,49286
4,49404,49404
1,49417,49417
4,49418,49418
1,49423,49423
1,49441,49441
1,49442,49442
2,49444,49444
1,49445,49445
2,49461,49461
2,49503,49503
2,49504,49504
1,49505,49505
2,49508,49508
2,49509,49509
1,49512,49512
1,49519,49519
2,49525,49525
1,49546,49546
1,49548,49548
2,49660,49660
2,49684,49684
1,49685,49685
6,49686,49686
1,49686-3748,49686
2,4976,4976
1,49770,49770
3,49801,49801
2,49855,49855
1,49931,49931
3,50009,50009
1,5001,5001
3,50010,50010
1,50014,50014
1,50022,50022
1,50036,50036
1,50111,50111
4,50125,50125
2,50131,50131
1,50138,50138
1,50158,50158
5,50208,50208
2,50211,50211
3,50213,50213
1,50219,50219
1,50266,50266
1,50309,50309
2,50310,50310
1,50313,50313
1,50316,50316
3,50317,50317
3,50325,50325
6,50401,50401
1,50428,50428
1,50438,50438
1,50459,50459
6,50501,50501
4,50588,50588
7,50613,50613
1,50642-8122,50642
2,50644,50644
2,50677,50677
1,50701,50701
2,50702,50702
1,50801,50801
1,51009,51009
1,51031,51031
1,51102,51102
2,51105,51105
1,51106,51106
1,51108,51108
1,51250,51250
3,51301,51301
1,51334,51334
2,51360,51360
7,51401,51401
1,51442,51442
1,51501,51501
1,51503,51503
1,51534,51534
1,51566,51566
8,52001,52001
5,52002,52002
2,52003,52003
4,5201,5201
2,52060,52060
2,52101,52101
1,52240,52240
2,52241,52241
3,52302,52302
2,52349,52349
1,52353,52353
2,52402,52402
1,52405,52405
1,52411,52411
6,52501,52501
2,52556,52556
3,52601,52601
4,52627,52627
3,52632,52632
2,52641,52641
2,52722,52722
6,52732,52732
1,52761,52761
2,52772,52772
1,52806,52806
1,53004,53004
5,5301,5301
1,53045,53045
1,53066,53066
1,53073,53073
1,53081,53081
3,53083,53083
1,53089,53089
1,53090,53090
1,53094,53094
1,53126,53126
1,53129,53129
2,53142,53142
1,53144,53144
2,53149,53149
1,53150,53150
2,53151,53151
2,53154,53154
3,53177,53177
1,53184-9601,53184
3,53186,53186
2,53207,53207
1,53208,53208
1,53209,53209
1,53211,53211
1,53212,53212
3,53214,53214
1,53216,53216
3,53217,53217
1,53221,53221
1,53222,53222
1,53223,53223
1,53224,53224
1,53226,53226
2,53227,53227
1,53404,53404
1,53406,53406
1,53527,53527
1,53532,53532
2,53534,53534
1,53538,53538
1,53545,53545
1,53548,53548
1,53558,53558
2,53562,53562
1,53566,53566
1,53583,53583
1,53590,53590
1,53597,53597
1,53704,53704
1,53711,53711
1,53713,53713
1,53715,53715
2,53716,53716
1,53813,53813
1,53901,53901
1,53913,53913
1,53925,53925
1,53965,53965
2,54002,54002
3,5401,5401
8,54016,54016
2,54017,54017
2,54022,54022
3,5403,5403
1,54140,54140
1,54143,54143
1,54166,54166
1,54220,54220
4,54235,54235
1,54302,54302
2,54304,54304
2,54401,54401
1,54409,54409
1,54448,54448
6,54449,54449
5,54451,54451
1,54452,54452
1,54456,54456
3,5446,5446
4,54467,54467
2,54476,54476
5,54481,54481
4,54494,54494
1,54499,54499
4,54501,54501
2,5452,5452
10,54601,54601
1,54603,54603
2,54615,54615
1,5468,5468
1,54720,54720
4,54729,54729
7,54751,54751
3,5478,5478
3,54806,54806
1,54843,54843
1,54868,54868
3,54880,54880
1,54904,54904
1,54911,54911
1,54914,54914
1,54923,54923
3,54935,54935
2,54952,54952
3,54956,54956
1,54963,54963
1,54981,54981
3,55008,55008
1,55014,55014
2,55016,55016
3,55021,55021
1,55024,55024
4,55025,55025
1,55033,55033
1,55045,55045
1,55051,55051
2,55056,55056
1,55056-5433,55056
3,55060,55060
1,55063,55063
1,55068,55068
3,55082,55082
1,55102,55102
1,55103,55103
3,55104,55104
1,55106,55106
5,55109,55109
3,55110,55110
1,55111,55111
1,55112,55112
5,55113,55113
2,55118,55118
1,55119,55119
1,55121,55121
2,55123,55123
1,55125,55125
3,55126,55126
2,55128,55128
4,55303,55303
2,55304,55304
1,55308,55308
1,55311,55311
1,55330,55330
1,55337,55337
1,55343,55343
1,55350,55350
1,55352,55352
1,55362,55362
3,55369,55369
2,55371,55371
2,55374,55374
2,55379,55379
2,55406,55406
1,55408,55408
1,55411,55411
3,55421,55421
1,55423,55423
1,55426,55426
5,55428,55428
1,55429,55429
1,55430,55430
2,55432,55432
2,55434,55434
3,55435,55435
1,55439,55439
1,55441,55441
2,55443,55443
1,55444,55444
1,55445,55445
1,55448,55448
2,55449,55449
1,55719,55719
5,55720,55720
1,55723-8146,55723
1,55805,55805
3,55811,55811
3,55901,55901
1,55912,55912
2,55987,55987
1,56001,56001
2,56003,56003
2,56007,56007
1,5602,5602
1,56073,56073
1,56301,56301
1,56320,56320
3,56345,56345
4,5641,5641
1,56468,56468
2,56601,56601
1,56601-2433,56601
1,5661,5661
1,57004,57004
2,57005,57005
2,57006,57006
7,5701,5701
3,57042,57042
4,57069,57069
3,57103,57103
1,57105,57105
1,57106,57106
7,57201,57201
1,57262,57262
9,57301,57301
2,57325,57325
4,57350,57350
10,57401,57401
2,57501,57501
3,57580,57580
1,57601,57601
23,57701,57701
11,57702,57702
3,57717,57717
1,57719,57719
1,57730,57730
2,57747,57747
1,57783,57783
7,57785,57785
1,58072,58072
5,58075,58075
1,58102,58102
2,58103,58103
2,58104,58104
4,5819,5819
5,58201,58201
1,58203,58203
1,58237,58237
2,58301,58301
7,58401,58401
1,58503,58503
1,58504,58504
2,58554,58554
2,58601,58601
8,58701,58701
1,58703,58703
8,58801,58801
1,59044,59044
1,59047,59047
1,59101,59101
3,59102,59102
2,59105,59105
1,59230,59230
1,59301,59301
1,59401,59401
1,59404,59404
1,59405,59405
1,59427,59427
3,59601,59601
1,59602,59602
1,59722,59722
2,59801,59801
3,59808,59808
1,59840,59840
3,60002,60002
1,60004,60004
1,60007,60007
1,60008,60008
1,60010,60010
1,60012,60012
1,60013,60013
1,60014,60014
2,60016,60016
1,60018,60018
2,60031,60031
1,60035,60035
1,60044-2219,60044
2,60046,60046
3,60047,60047
2,60048,60048
1,60050,60050
1,60051,60051
1,60060,60060
1,60062,60062
1,60068,60068
2,60073,60073
1,60076,60076
1,60077,60077
2,60085,60085
1,60087,60087
2,60089,60089
1,60091,60091
1,60099,60099
3,60101,60101
2,60102,60102
1,60103,60103
1,60107,60107
2,60108,60108
2,60110,60110
2,60115,60115
1,60123,60123
1,60131,60131
1,60133,60133
1,60137,60137
1,60143,60143
3,60148,60148
1,60177,60177
1,60178,60178
2,60188,60188
1,60201,60201
1,6029,6029
2,60302,60302
1,6032,6032
2,6040,6040
2,60408,60408
1,60411,60411
2,60415,60415
1,60416,60416
1,60418,60418
1,60426,60426
1,60430,60430
1,60431,60431
1,60432,60432
3,60435,60435
1,60436,60436
2,60440,60440
1,60443,60443
1,60445,60445
1,60446,60446
2,60453,60453
1,60455,60455
2,60477,60477
2,60481,60481
1,60502-7003,60502
5,60506,60506
3,60515,60515
1,60517,60517
2,60521,60521
1,60525,60525
1,60526,60526
1,6053,6053
2,60538,60538
1,60540,60540
1,60546,60546
1,60548,60548
2,60559,60559
1,60560,60560
1,60563,60563
2,60564,60564
1,60601,60601
2,60603,60603
1,60606,60606
1,60607,60607
1,60608,60608
3,60609,60609
2,60610,60610
1,60614,60614
3,60615,60615
1,60616,60616
1,60617,60617
3,60618,60618
1,60619,60619
2,6062,6062
1,60620,60620
1,60624,60624
1,60625,60625
1,60626,60626
4,60630,60630
1,60632,60632
3,60634,60634
1,60636,60636
4,60638,60638
4,60639,60639
2,60640,60640
1,60641,60641
1,60644,60644
1,60647,60647
1,60654,60654
1,60659,60659
4,6066,6066
2,60661,60661
1,6067,6067
1,60706,60706
1,6074,6074
1,60803,60803
1,60827,60827
1,6085,6085
1,6088,6088
1,60901,60901
2,60914,60914
2,60915,60915
1,60942,60942
1,6096,6096
1,60970,60970
1,61008,61008
1,61032,61032
2,6105,6105
6,6106,6106
3,61068,61068
1,61068-9699,61068
1,6107,6107
1,6108,6108
1,61080,61080
1,61085,61085
1,61101,61101
1,61108,61108
5,61109,61109
5,6111,6111
2,61111,61111
1,61112,61112
1,61115,61115
1,6112,6112
3,6114,6114
3,6117,6117
3,6118,6118
2,61201,61201
1,61231,61231
1,61244,61244
1,61264,61264
1,61265,61265
1,61342,61342
4,61350,61350
2,61364,61364
1,61401,61401
1,61455,61455
2,61462,61462
4,61520,61520
3,61523,61523
4,61550,61550
7,61554,61554
1,61571,61571
2,61604,61604
1,61611,61611
1,61614,61614
3,61615,61615
1,61701,61701
2,61704,61704
1,61727,61727
1,61761,61761
4,61764,61764
1,61801,61801
1,61802,61802
1,61822,61822
7,61832,61832
1,61944,61944
2,62002,62002
1,62010,62010
4,62025,62025
1,62035,62035
1,62040,62040
1,62040-3709,62040
1,62052,62052
7,62056,62056
2,62206,62206
4,62208,62208
2,62220,62220
3,62221,62221
1,62222,62222
1,62226,62226
2,62231,62231
1,62232,62232
5,62234,62234
1,62246,62246
1,6226,6226
1,62278,62278
1,62286,62286
3,62298,62298
2,62301,62301
2,62363,62363
3,62441,62441
2,62454,62454
6,62471,62471
1,62522,62522
1,62526,62526
4,62568,62568
2,62626,62626
4,62650,62650
1,62656,62656
2,62702,62702
1,62703,62703
1,62704,62704
1,62712,62712
3,62801,62801
1,62837,62837
3,62863,62863
6,62864,62864
1,62901,62901
3,62906,62906
1,62959,62959
1,62960,62960
3,62966,62966
2,63005,63005
5,63010,63010
2,63011,63011
2,63017,63017
1,63020,63020
2,63025,63025
1,63026,63026
1,63026-4169,63026
1,63028,63028
2,63033,63033
1,63042,63042
1,63044,63044
1,63052,63052
2,63069,63069
3,63080,63080
3,63090,63090
1,63104,63104
1,63107,63107
1,63108,63108
1,63114,63114
1,63115,63115
1,63119,63119
1,63120,63120
1,63121-5023,63121
2,63122,63122
1,63122-6426,63122
2,63128,63128
2,63129,63129
2,63132,63132
1,63134,63134
1,63135,63135
4,63136,63136
1,63137,63137
6,63139,63139
1,63141,63141
1,63143,63143
1,63144,63144
1,63146,63146
4,6320,6320
8,63301,63301
6,63303,63303
5,63304,63304
1,6335,6335
10,63366,63366
2,63367,63367
7,63368,63368
10,63376,63376
5,63379,63379
3,63383,63383
6,63385,63385
5,6340,6340
4,63401,63401
4,63501,63501
1,63552,63552
2,6360,6360
5,63601,63601
2,63645,63645
1,63670,63670
1,63703,63703
2,63755,63755
4,63775,63775
1,63801,63801
3,6382,6382
1,63841,63841
2,6385,6385
2,63851,63851
1,63857,63857
1,63901,63901
2,64014,64014
1,64015,64015
5,64024,64024
1,64030,64030
1,64037,64037
1,64052,64052
3,64055,64055
1,64060,64060
1,64067,64067
4,64068,64068
2,64076,64076
1,64078,64078
1,64079,64079
2,64082,64082
1,64083,64083
3,64086,64086
1,64089,64089
1,64110,64110
1,64113,64113
2,64116,64116
1,64117,64117
1,64118,64118
1,64120,64120
1,64124,64124
1,64125,64125
1,64127,64127
1,64133,64133
1,64150,64150
1,64151,64151
1,64152,64152
2,6416,6416
1,6418,6418
2,64424,64424
1,64429,64429
1,64501-2005,64501
2,64503,64503
1,64506,64506
1,64507,64507
1,6451,6451
1,6457,6457
4,6460,6460
1,64601,64601
1,64628,64628
1,64683,64683
1,64683-2643,64683
3,64701,64701
1,6473,6473
1,64735,64735
1,6475,6475
9,64801,64801
1,64801-5506,64801
3,64804,64804
1,64804-2633,64804
2,6483,6483
3,64836,64836
2,64850,64850
1,64870,64870
1,6492,6492
3,65026,65026
1,65043,65043
1,65049,65049
1,65065,65065
1,65066,65066
1,65084,65084
4,65101,65101
13,65109,65109
1,6512,6512
3,6513,6513
1,6515,6515
3,6516,6516
1,65201,65201
4,65233,65233
1,65240,65240
2,65251,65251
5,65265,65265
8,65301,65301
2,65340,65340
1,65355,65355
3,65401,65401
3,65559,65559
4,65560,65560
6,65584,65584
1,65605,65605
6,65613,65613
5,65616,65616
1,65625,65625
2,65714,65714
1,65721,65721
1,65738,65738
1,65757,65757
1,65775,65775
1,65781,65781
1,65793,65793
1,65802,65802
3,65803,65803
5,65804,65804
2,65807,65807
1,66002,66002
1,66043,66043
1,66044,66044
3,66046,66046
1,66048,66048
3,66049,66049
2,6606,6606
2,66061,66061
1,66101,66101
1,66102,66102
2,66103,66103
1,66111,66111
1,66202,66202
2,66203,66203
2,66204,66204
1,66205,66205
1,66210,66210
1,66213,66213
3,66215,66215
3,66223,66223
1,66223-7899,66223
1,66226-3514,66226
2,66434,66434
1,66436,66436
1,66441,66441
1,66442,66442
3,66502,66502
1,66508,66508
1,66542,66542
1,66547,66547
3,66604,66604
2,66605,66605
1,66609,66609
1,66612,66612
1,66713,66713
3,66720,66720
2,66725,66725
2,66739,66739
2,66762,66762
1,66901,66901
1,67010,67010
3,6704,6704
4,6705,6705
1,67062,67062
1,67063,67063
1,67104,67104
1,67110,67110
1,67114,67114
2,67124,67124
1,67133,67133
1,67147,67147
1,67156,67156
1,67202,67202
5,67206,67206
1,67208,67208
1,67211,67211
1,67213,67213
2,67216,67216
1,67226,67226
1,67301,67301
5,67401,67401
1,67410,67410
1,67432,67432
2,67460,67460
3,67502,67502
1,67657,67657
1,67701,67701
1,67801,67801
2,67846,67846
1,68005,68005
2,68025,68025
1,68028,68028
2,68046,68046
2,6810,6810
1,68102,68102
2,68108,68108
3,68114,68114
1,68118,68118
1,68122,68122
3,68123,68123
1,68128,68128
1,68133,68133
2,68134,68134
2,68137,68137
1,68138,68138
1,68138-3886,68138
1,68154,68154
2,68164,68164
2,68305,68305
4,68310,68310
2,68333,68333
1,68352,68352
5,68410,68410
1,68434,68434
1,68504,68504
1,68506,68506
3,68508,68508
2,6851,6851
3,68516,68516
3,68521,68521
1,68526,68526
4,68701,68701
1,68763,68763
2,68776,68776
1,6878,6878
2,68787,68787
1,68803,68803
1,68862,68862
8,68901,68901
4,68949,68949
2,69001,69001
1,69033,69033
3,69101,69101
1,69138,69138
1,69153,69153
2,69162,69162
1,69337,69337
3,69361,69361
1,70003,70003
3,70005,70005
1,7001,7001
2,7002,7002
1,7003,7003
1,70037,70037
1,70052,70052
1,70053,70053
2,70056,70056
3,70058,70058
1,7006,7006
4,70062,70062
4,70065,70065
1,70068,70068
3,70072,70072
4,70094,70094
1,70114,70114
1,70123,70123
2,70128,70128
1,70301,70301
1,7036,7036
8,70360,70360
2,70364,70364
3,70380,70380
1,70392,70392
1,70401,70401
1,7042,7042
4,70427,70427
9,70433,70433
4,70448,70448
1,70454,70454
5,70458,70458
3,70460,70460
1,70461,70461
2,70471,70471
5,70503,70503
1,70506,70506
1,70508,70508
2,70510,70510
2,70517,70517
1,70520,70520
1,70570,70570
1,70577,70577
1,70582,70582
2,70583,70583
1,70601,70601
2,70611,70611
1,70615,70615
2,7062,7062
1,7065,7065
1,70663,70663
1,7068,7068
1,7069,7069
1,70714,70714
1,70719,70719
9,70726,70726
1,7076,7076
1,70760,70760
1,70767,70767
1,70791,70791
1,7080,7080
1,70802,70802
2,70805,70805
2,70806,70806
2,70808,70808
1,70809-4532,70809
2,70810,70810
3,70815,70815
5,70816,70816
1,70817,70817
1,7094,7094
2,7095,7095
1,71006,71006
1,71019,71019
3,71037,71037
1,71040,71040
1,7105,7105
6,71055,71055
1,71082,71082
1,7109,7109
11,71105,71105
3,71106,71106
1,71107,71107
3,71111,71111
1,71118,71118
1,71119,71119
2,71129,71129
3,71201,71201
1,71203,71203
5,71220,71220
2,71232,71232
1,71241,71241
2,71251,71251
11,71270,71270
7,71291,71291
2,71295,71295
1,71301,71301
10,71303,71303
1,71322,71322
2,71350,71350
1,71351,71351
1,71360,71360
1,71373,71373
7,71446,71446
3,71449,71449
6,71457,71457
2,71463,71463
1,71483,71483
1,71601,71601
1,71602,71602
1,71635,71635
3,71639,71639
4,71655,71655
1,71671,71671
1,71730,71730
1,71742,71742
3,71801,71801
2,71854,71854
5,71923,71923
1,71923-5925,71923
1,71953,71953
1,72010,72010
2,72015,72015
1,72021,72021
2,72023,72023
1,7203,7203
6,72032,72032
1,72034,72034
1,7205,7205
3,72058,72058
4,72076,72076
3,72086,72086
2,72104,72104
1,72106,72106
1,72110,72110
4,72112,72112
7,72113,72113
3,72114,72114
5,72116,72116
1,72116-8033,72116
3,72117,72117
1,72143,72143
3,72150,72150
2,72160,72160
2,72201,72201
2,72204,72204
1,72205,72205
1,72209,72209
2,72211,72211
1,72315,72315
1,72335,72335
4,72401,72401
1,72401-5828,72401
1,72404,72404
1,72450,72450
1,72455,72455
1,72476,72476
3,72501,72501
1,72560,72560
3,72601,72601
2,72650,72650
1,72701,72701
4,72703,72703
1,72712,72712
1,72714,72714
2,72740,72740
1,72751,72751
5,72756,72756
1,72758,72758
1,72762,72762
11,72764,72764
2,72801,72801
2,72823,72823
2,72830,72830
1,72834,72834
1,72901,72901
1,72903,72903
1,72916,72916
1,72921,72921
1,72936,72936
1,72944,72944
1,72949,72949
3,73005,73005
1,73008,73008
4,73013,73013
1,73018,73018
1,73020,73020
1,73034,73034
1,73044,73044
1,7305,7305
1,73064,73064
2,73069,73069
3,73071,73071
2,73072,73072
1,73075,73075
1,73077,73077
2,73080,73080
2,73099,73099
1,7310,7310
1,73103,73103
1,73104,73104
1,73105,73105
2,73107,73107
1,73109,73109
1,73110,73110
1,73111,73111
1,73112,73112
1,73114,73114
6,73115,73115
1,73118,73118
1,73120,73120
1,73127,73127
1,73128,73128
4,73129,73129
1,73130,73130
7,73132,73132
1,73134-8021,73134
1,73139,73139
1,73149,73149
3,73159,73159
2,73160,73160
1,73162,73162
4,73401,73401
1,73448,73448
2,73505,73505
1,73644,73644
4,73703,73703
1,73750,73750
1,73942,73942
1,74003,74003
6,74006,74006
3,74010,74010
5,74012,74012
1,74014,74014
1,74015,74015
6,74017,74017
2,74023,74023
3,74033,74033
2,74037,74037
1,74044,74044
2,7405,7405
3,74055,74055
2,74063,74063
1,74063-6571,74063
3,74066,74066
1,74074,74074
1,74105,74105
1,74106,74106
3,74107,74107
1,74110,74110
1,74112,74112
3,74115,74115
1,74129,74129
1,74132,74132
4,74133,74133
1,74135,74135
2,74136,74136
1,74145,74145
1,74146,74146
1,7416,7416
1,74171,74171
2,7419,7419
1,7420,7420
1,74301,74301
1,74344,74344
1,74354,74354
2,74361,74361
7,74401,74401
3,74426,74426
5,74447,74447
1,7446,7446
2,74462,74462
6,74464,74464
1,74467,74467
5,74501,74501
2,74525,74525
1,7456,7456
1,74578,74578
2,74701,74701
3,74728,74728
1,74743,74743
3,74801,74801
4,74804,74804
6,74820,74820
2,74848,74848
1,74851,74851
3,74868,74868
1,74873,74873
1,74953,74953
1,75006,75006
1,75009,75009
2,75013,75013
1,75016,75016
1,75020,75020
1,75033,75033
4,75034,75034
2,75038,75038
1,75040,75040
1,75041,75041
1,75042,75042
1,75043,75043
2,75048,75048
1,75050,75050
2,75051,75051
1,75052,75052
1,75056,75056
1,75057,75057
2,75061,75061
1,75063,75063
1,75067,75067
6,75070,75070
1,75074,75074
1,75077,75077
1,75080,75080
1,75081,75081
1,75082,75082
3,75087,75087
1,75093,75093
2,75109,75109
1,75119,75119
2,75126,75126
3,75141,75141
1,75147,75147
2,75149,75149
4,75150,75150
1,75154,75154
1,75165,75165
2,75180,75180
2,75189,75189
1,75201,75201
1,75211,75211
1,75212,75212
2,75216,75216
1,75217,75217
2,75218,75218
1,75220,75220
1,75224,75224
2,75228,75228
2,75229,75229
1,75230,75230
3,75231,75231
1,75235,75235
1,75237,75237
3,75240,75240
2,75241,75241
2,75243,75243
1,75244,75244
1,75247,75247
1,75261,75261
1,75401,75401
1,75402-7208,75402
1,75460,75460
1,75482,75482
1,75501,75501
3,75551,75551
2,75570,75570
1,75601,75601
1,75602,75602
1,75633,75633
4,75644,75644
1,75657,75657
1,75662,75662
2,75670,75670
1,75701,75701
1,75703,75703
1,75706,75706
1,75751,75751
1,75758,75758
1,75766,75766
2,75773,75773
1,75785,75785
2,75801,75801
2,75831,75831
2,75835,75835
2,75840,75840
1,75862,75862
2,75901,75901
4,75935,75935
3,75951,75951
1,75964,75964
1,75965,75965
1,75975,75975
2,75979,75979
1,76001,76001
1,76006,76006
1,7601,7601
2,76011,76011
2,76013,76013
1,76015,76015
3,76017,76017
2,76020,76020
1,76022,76022
1,76028,76028
1,76039,76039
2,7604,7604
1,76040,76040
2,76051,76051
1,76054,76054
1,76063,76063
2,76065,76065
5,76067,76067
1,76082,76082
4,76087,76087
1,76092,76092
1,76106,76106
1,76108-4407,76108
1,76111,76111
2,76112,76112
4,76114,76114
1,76116,76116
1,76119,76119
1,76123,76123
3,76126,76126
1,76131,76131
2,76132,76132
1,76133,76133
1,76135,76135
2,76148,76148
1,76155,76155
1,76177,76177
1,76201,76201
1,76207,76207
1,7621,7621
1,76210,76210
2,76230,76230
1,76234,76234
1,76240,76240
2,76262,76262
1,76266,76266
2,7630,7630
2,76301,76301
1,76302,76302
2,76308,76308
1,76354,76354
1,76501,76501
1,7652,7652
1,76528,76528
5,76542,76542
1,76544,76544
1,76550,76550
2,76567,76567
1,76571,76571
1,76574,76574
1,7662,7662
1,76642,76642
4,76645,76645
1,76661,76661
2,76667,76667
1,76704,76704
3,76705,76705
2,76708,76708
1,76710,76710
1,76712,76712
1,76801,76801
1,76821,76821
1,76825,76825
2,76901,76901
2,76903,76903
2,76904,76904
2,77002,77002
1,77005,77005
1,77006,77006
1,77007,77007
1,77008,77008
1,77009,77009
1,77011,77011
3,77020,77020
1,77022,77022
1,77023,77023
1,77024,77024
2,77034,77034
3,77036,77036
5,77040,77040
1,77041,77041
2,77042,77042
1,77044,77044
1,77045,77045
1,77049,77049
1,77053,77053
1,77055,77055
3,77056,77056
1,77057,77057
1,77062,77062
1,77064,77064
1,77065,77065
1,77067,77067
1,77069,77069
1,77071,77071
3,77072,77072
1,77075,77075
2,77077,77077
2,77079,77079
1,77081,77081
1,77084,77084
1,77085,77085
2,77087,77087
2,77089,77089
1,77090,77090
1,77092,77092
1,77095,77095
1,77096,77096
1,77099,77099
4,7712,7712
1,7719,7719
1,7724,7724
1,7728,7728
1,77301,77301
3,7731,7731
2,77327,77327
2,77338,77338
2,77340,77340
3,77346,77346
1,77354,77354
2,77356,77356
1,77362,77362
4,77375,77375
1,77377,77377
1,77378,77378
6,77379,77379
1,7738,7738
1,77380,77380
1,77388,77388
1,7740,7740
5,77414,77414
2,77429,77429
1,77433,77433
1,77437,77437
1,77447,77447
2,77449,77449
1,77469,77469
1,77471,77471
1,77474,77474
1,77477,77477
2,77478,77478
1,77479,77479
1,7748,7748
1,77484-8009,77484
1,77494,77494
3,77498,77498
2,77502,77502
1,77515,77515
3,77520,77520
1,77523,77523
3,7753,7753
2,77535,77535
1,77536,77536
2,77539,77539
1,77541,77541
1,77546,77546
1,77547,77547
1,77566,77566
2,77568,77568
3,77571,77571
3,77573,77573
4,77575,77575
2,77581,77581
1,77598,77598
1,7760,7760
1,77611,77611
1,77619,77619
2,77640,77640
1,77657,77657
1,77662,77662
1,77665-9097,77665
1,77802,77802
1,77836,77836
1,77840,77840
1,77864,77864
4,77901,77901
1,77904,77904
1,77954,77954
1,77979,77979
1,78006,78006
1,78023,78023
2,78028,78028
1,78041,78041
1,78043,78043
1,78045,78045
1,78064,78064
1,78121,78121
2,78130,78130
3,78132,78132
1,78133,78133
1,78150,78150
1,78155,78155
1,78203,78203
1,78204,78204
1,78209,78209
3,78211,78211
1,78212,78212
2,78216,78216
1,78217,78217
1,78218,78218
1,78220-4743,78220
2,78221,78221
1,78224,78224
1,78227,78227
1,78238,78238
1,78239,78239
1,78240,78240
1,78245,78245
1,78249,78249
3,78251,78251
1,78253,78253
1,78258,78258
1,78288,78288
2,78332,78332
1,78336,78336
1,78355,78355
1,78362,78362
1,78362-4200,78362
5,78363,78363
1,78373,78373
1,78374,78374
2,78382,78382
2,78410,78410
1,78414,78414
1,78415,78415
1,78418,78418
2,78501,78501
2,78504,78504
3,78516,78516
1,7852,7852
2,78520,78520
1,78521,78521
3,78526,78526
3,78539,78539
1,78541,78541
10,78550,78550
1,78552,78552
1,78557,78557
1,78570,78570
4,78572,78572
2,78578,78578
2,78580,78580
4,78582,78582
3,78584,78584
1,78584-8073,78584
1,78586,78586
1,78596,78596
2,78597,78597
1,78602,78602
6,78610,78610
1,78611,78611
1,78613,78613
1,78620,78620
1,78621,78621
1,78639,78639
2,78640,78640
1,78643,78643
1,78660,78660
1,78664,78664
3,78666,78666
2,78681,78681
3,78701,78701
1,78702,78702
2,78705,78705
1,7871,7871
2,78726,78726
2,78729,78729
1,78737,78737
1,78738,78738
2,78741,78741
1,78744,78744
2,78745,78745
1,78746,78746
5,78748,78748
1,78749,78749
2,78750,78750
1,78752,78752
1,78753,78753
1,78757,78757
1,78758,78758
2,78801,78801
1,78840,78840
1,78934,78934
1,78945,78945
1,79022,79022
1,79102,79102
2,79106,79106
1,79109,79109
1,79118,79118
1,79121,79121
2,79201,79201
1,7927,7927
2,79316,79316
1,79382,79382
1,79401,79401
1,79414,79414
1,79415,79415
1,79423,79423
2,79424,79424
2,79549,79549
1,79601,79601
1,79606,79606
1,79701,79701
1,79707,79707
1,79720,79720
2,79735,79735
1,79762,79762
1,79763,79763
1,79830,79830
1,79901,79901
1,79902,79902
1,79903,79903
1,79905,79905
1,79912,79912
1,79915,79915
1,79925,79925
1,79930,79930
1,79932,79932
1,79935,79935
1,79936,79936
2,80002,80002
5,80003,80003
5,80011,80011
2,80012,80012
2,80013,80013
3,80014,80014
3,80015,80015
2,80016,80016
3,8002,8002
1,80026,80026
1,80031,80031
1,80033,80033
1,8005,8005
1,8008,8008
1,80104,80104
2,80108,80108
1,80109,80109
2,80110,80110
4,80112,80112
2,80122,80122
4,80123,80123
2,80127,80127
1,80128,80128
1,80129,80129
1,80130,80130
1,80134,80134
1,8016,8016
1,80202,80202
3,80204,80204
2,80210,80210
1,80211,80211
4,80214,80214
4,80215,80215
1,80216,80216
1,80219,80219
3,80220,80220
3,80221,80221
2,80222,80222
1,80223,80223
1,80224,80224
3,80226,80226
1,80227,80227
3,80229,80229
1,80230,80230
1,80231,80231
6,80233,80233
3,80234,80234
3,80239,80239
1,80246,80246
2,80260,80260
1,8027,8027
1,8028,8028
2,80401,80401
1,8043,8043
1,8045,8045
4,8046,8046
4,80501,80501
1,80504,80504
1,80514,80514
2,80521,80521
1,80524,80524
3,80525,80525
2,8053,8053
1,80537,80537
1,80549,80549
1,8055,8055
1,80550,80550
3,8060,8060
1,80601,80601
1,80615,80615
1,80620,80620
2,80634,80634
1,8068,8068
1,8069,8069
2,8070,8070
1,80751,80751
1,80817,80817
1,80828,80828
2,80863,80863
2,80903,80903
4,80905,80905
1,80906,80906
1,80907,80907
1,80909,80909
1,80910,80910
1,80911,80911
1,80913,80913
2,80920,80920
1,80922,80922
2,8096,8096
1,81004,81004
1,81005,81005
1,81052,81052
1,81082,81082
1,8110,8110
1,81101,81101
1,81144,81144
1,81147,81147
1,81201,81201
1,81212,81212
2,81230,81230
1,81501,81501
1,81503,81503
1,81506,81506
1,81601,81601
1,81625,81625
1,81631,81631
1,81635,81635
2,81650,81650
1,81657,81657
1,82001,82001
1,82007,82007
3,82009,82009
1,8204,8204
8,82070,82070
1,82072,82072
1,8215,8215
2,82201,82201
1,8226,8226
4,82301,82301
1,8234,8234
2,82414,82414
1,8242,8242
3,82435,82435
1,8244,8244
1,8260,8260
1,82601,82601
1,82604,82604
2,82609,82609
1,82716,82716
3,82801,82801
2,82901,82901
2,82930,82930
4,83001,83001
1,8302,8302
11,83201,83201
1,83201-4959,83201
4,83202,83202
1,83204,83204
5,83221,83221
1,83252,83252
9,83301,83301
3,8332,8332
1,83336,83336
2,83401,83401
1,83402,83402
1,83402-3356,83402
3,83404,83404
9,83440,83440
1,83442,83442
1,83501,83501
1,8360,8360
7,83605,83605
1,83617,83617
7,83642,83642
7,83647,83647
2,83651,83651
1,83661,83661
2,83686,83686
2,83687,83687
2,83704,83704
4,83705,83705
1,83706,83706
2,83709,83709
2,83714,83714
2,83814,83814
3,83815,83815
1,83835,83835
1,83843,83843
1,83854,83854
1,84005,84005
1,84009,84009
5,8401,8401
6,84010,84010
1,84014,84014
6,84015,84015
4,84020,84020
1,84025,84025
2,84032,84032
1,84037,84037
3,84041,84041
1,84044,84044
1,84045,84045
2,84047,84047
1,84047-7363,84047
1,84054,84054
1,84056,84056
2,84057,84057
1,84062,84062
2,84066,84066
7,84070,84070
1,84074,84074
1,84075,84075
1,84078,84078
2,84081,84081
2,84084,84084
1,84087,84087
1,84088,84088
1,84093,84093
1,84094,84094
1,84096,84096
1,84097,84097
1,84098,84098
1,84101,84101
1,84104,84104
1,84108,84108
1,84111,84111
1,84115,84115
2,84116,84116
1,84117,84117
2,84118,84118
3,84119,84119
2,84120,84120
4,84123,84123
1,84124,84124
1,84129,84129
7,84302,84302
4,84321,84321
1,84335,84335
2,84337,84337
2,84341,84341
3,84401,84401
9,84403,84403
7,84404,84404
7,84405,84405
2,84501,84501
1,84532,84532
1,84602,84602
1,84604,84604
1,84606,84606
1,84627,84627
2,84651,84651
1,84653,84653
3,84660,84660
1,84663,84663
1,84664,84664
4,84720,84720
1,84721,84721
1,84737,84737
2,84741,84741
8,84770,84770
2,84780,84780
4,84790,84790
1,85006,85006
2,85013,85013
1,85015,85015
1,85016,85016
2,85017,85017
5,85018,85018
1,85020,85020
1,85021,85021
1,85023,85023
1,85027,85027
2,85029,85029
1,85032,85032
1,85033,85033
1,85034,85034
1,85035,85035
2,85037,85037
2,85040,85040
1,85041,85041
1,85042,85042
1,85043,85043
3,85044,85044
2,85048,85048
1,8505,8505
1,85050,85050
2,85051,85051
1,85053,85053
1,85073,85073
2,85085,85085
1,85086,85086
1,85122,85122
1,85128,85128
2,85131,85131
1,8514,8514
4,85142,85142
1,85143,85143
3,85201,85201
2,85202,85202
2,85204,85204
2,85205,85205
3,85206,85206
1,85209,85209
1,85212,85212
3,85215,85215
2,85224,85224
2,85225,85225
1,85226,85226
1,85234,85234
1,85239,85239
1,85242,85242
2,85248,85248
1,85250,85250
4,85251,85251
1,85255,85255
1,85257,85257
2,85260,85260
1,8527,8527
1,85281,85281
5,85282,85282
2,85283,85283
3,85284,85284
4,85286,85286
3,85295,85295
1,85296,85296
1,85297,85297
2,85298,85298
3,85301,85301
1,85302,85302
1,85303,85303
1,85304,85304
2,85305,85305
2,85307,85307
1,85308,85308
5,85326,85326
1,85331,85331
1,85335,85335
1,85340,85340
2,85344,85344
3,85351,85351
4,85364,85364
5,85365,85365
3,85374,85374
1,85379,85379
1,85381,85381
2,85382,85382
1,85383,85383
2,85390,85390
2,85392,85392
2,85395,85395
1,8540,8540
1,85546,85546
3,85602,85602
3,85607,85607
1,8562,8562
1,85621,85621
1,85629,85629
1,85635,85635
1,85643,85643
1,85653,85653
1,85704,85704
1,85705,85705
1,85706,85706
2,85710,85710
2,85714,85714
2,85715,85715
3,85719,85719
1,85730,85730
1,85739,85739
1,86001,86001
1,86004,86004
2,86025,86025
1,86038,86038
3,86040,86040
2,86045,86045
1,86046,86046
3,86047,86047
1,86303,86303
1,86314,86314
1,86322,86322
2,8638,8638
1,8640,8640
6,86401,86401
1,86409,86409
2,86442,86442
1,8691,8691
3,87002,87002
1,87015,87015
3,87020,87020
5,87031,87031
1,87035,87035
1,87068,87068
2,87105,87105
2,87106,87106
3,87107,87107
3,87108,87108
5,87109,87109
2,87110,87110
1,87111,87111
2,87112,87112
1,87113,87113
4,87114,87114
3,87120,87120
2,87121,87121
2,87122,87122
3,87123,87123
2,87124,87124
2,87144,87144
2,8724,8724
10,87301,87301
1,8733,8733
4,8736,8736
3,87401,87401
1,87402,87402
3,87413,87413
5,8742,8742
3,87505,87505
1,87506,87506
1,87507,87507
1,8751,8751
10,8753,8753
6,87532,87532
1,87544,87544
2,8755,8755
3,87571,87571
7,87701,87701
1,87740,87740
5,87801,87801
2,87901,87901
4,88001,88001
1,88011,88011
3,88030,88030
1,8804,8804
7,88061,88061
1,88101,88101
1,8817,8817
9,88201,88201
1,88203,88203
1,88210,88210
1,8822,8822
7,88220,88220
3,88240,88240
1,88260,88260
1,8831,8831
2,88310,88310
1,88330,88330
4,88345,88345
1,8837,8837
3,88401,88401
1,88415,88415
1,8844,8844
1,8854,8854
1,8857,8857
1,8865,8865
1,8873,8873
2,8901,8901
2,89014,89014
4,89015,89015
4,8902,8902
1,89027,89027
3,89030,89030
1,89031,89031
1,89032,89032
6,89048,89048
3,89052,89052
3,89074,89074
2,89102,89102
6,89103,89103
2,89104,89104
1,89107,89107
2,89108,89108
5,89109,89109
1,89113,89113
3,89117,89117
2,89118,89118
10,89119,89119
2,89120,89120
1,89121,89121
1,89123,89123
7,89128,89128
1,89129,89129
1,89130,89130
1,89139,89139
1,89141,89141
3,89145,89145
5,89146,89146
2,89147,89147
4,89149,89149
1,89154,89154
1,89169,89169
6,89406,89406
1,89410,89410
1,89423,89423
2,89431,89431
1,89434,89434
4,89445,89445
6,89502,89502
1,89502-1514,89502
1,89506,89506
1,89509,89509
2,89511,89511
3,89512,89512
2,89523,89523
5,89701,89701
10,89801,89801
1,90002,90002
3,90006,90006
2,90007,90007
1,90008,90008
1,90011,90011
1,90012,90012
1,90014,90014
1,90017,90017
2,90027,90027
1,90028,90028
1,90029,90029
1,90031,90031
1,90035,90035
2,90037,90037
2,90042,90042
1,90045,90045
1,90047,90047
1,90049,90049
1,90056,90056
2,90057,90057
2,90059,90059
1,90062,90062
1,90063,90063
1,90065,90065
1,90066,90066
2,90201,90201
3,90220,90220
1,90230,90230
1,90232,90232
1,90241,90241
1,90247,90247
2,90248,90248
3,90249,90249
1,90250,90250
2,90255,90255
3,90275,90275
2,90302,90302
3,90303,90303
2,90304,90304
1,90401,90401
2,90501,90501
1,90502,90502
2,90504,90504
2,90505,90505
1,90602,90602
2,90603,90603
2,90605,90605
2,90606,90606
1,90620,90620
2,90630,90630
5,90631,90631
1,90638,90638
1,90640,90640
1,90650,90650
2,90670,90670
1,90701,90701
1,90703,90703
5,90712,90712
1,90713,90713
1,90731,90731
1,90732,90732
1,90744,90744
1,90745,90745
1,90746,90746
2,90804,90804
5,90805,90805
1,90806,90806
2,90808,90808
1,90810,90810
1,90815,90815
1,91001,91001
1,91006,91006
1,91020,91020
2,91104,91104
1,91105,91105
1,91201,91201
1,91204,91204
1,91205,91205
3,91301,91301
1,91302,91302
2,91304,91304
1,91320,91320
2,91321,91321
1,91324,91324
1,91325,91325
2,91331,91331
3,91342,91342
1,91343,91343
2,91350,91350
1,91351,91351
3,91355,91355
1,91360,91360
1,91362,91362
1,91367,91367
1,91381,91381
2,91405,91405
1,91406,91406
2,91502,91502
1,91504,91504
1,91602,91602
1,91606,91606
1,91608,91608
1,91702,91702
2,91706,91706
4,91710,91710
3,91730,91730
1,91731,91731
2,91733,91733
1,91737,91737
2,91741,91741
1,91744,91744
1,91746,91746
1,91748,91748
2,91750,91750
1,91752,91752
2,91761,91761
1,91762,91762
2,91766,91766
3,91767,91767
1,91776,91776
1,91786,91786
2,91789,91789
1,91791,91791
2,91792,91792
1,91801,91801
1,91910,91910
1,91911,91911
1,91915,91915
1,91932,91932
3,91942,91942
1,91945,91945
2,91950,91950
1,92011,92011
1,92014,92014
4,92020,92020
2,92021,92021
1,92026,92026
1,92028,92028
1,92036,92036
1,92054,92054
1,92055,92055
2,92056,92056
1,92071,92071
1,92078,92078
1,92081,92081
3,92083,92083
2,92102,92102
1,92104,92104
1,92105,92105
1,92108,92108
1,92109,92109
1,92110,92110
1,92111,92111
1,92113,92113
1,92117,92117
1,92118,92118
2,92120,92120
1,92121,92121
2,92123,92123
1,92126,92126
1,92128,92128
1,92131,92131
1,92136,92136
1,92154,92154
1,92173,92173
3,92203,92203
1,92211,92211
2,92220,92220
2,92223,92223
3,92234,92234
2,92236,92236
1,92243,92243
1,92253,92253
6,92262,92262
1,92307,92307
2,92309,92309
1,92311,92311
2,92325,92325
1,92336,92336
1,92345,92345
2,92346,92346
1,92363,92363
6,92373,92373
2,92376,92376
1,92395,92395
1,92399,92399
2,92404,92404
3,92407,92407
1,92408,92408
1,92501,92501
1,92503,92503
1,92504,92504
1,92507,92507
1,92508,92508
1,92530-2754,92530
1,92545,92545
1,92551,92551
2,92553,92553
1,92553-7512,92553
1,92557,92557
1,92562,92562
1,92571,92571
1,92590,92590
1,92606,92606
1,92610,92610
1,92612,92612
1,92618,92618
3,92626,92626
1,92627,92627
2,92630,92630
1,92647,92647
2,92648,92648
4,92660,92660
2,92663,92663
1,92673,92673
1,92675,92675
1,92677,92677
3,92683,92683
1,92688,92688
1,92691,92691
3,92704,92704
6,92705,92705
2,92780,92780
5,92801,92801
1,92802,92802
3,92804,92804
2,92805,92805
1,92806,92806
1,92807,92807
1,92831,92831
2,92833,92833
1,92841,92841
1,92860,92860
1,92866,92866
1,92868,92868
2,92869,92869
2,92870,92870
1,92879,92879
1,92881,92881
3,92886,92886
1,93001,93001
1,93003,93003
1,93030,93030
1,93033,93033
1,93060-3327,93060
1,93109,93109
1,93117,93117
1,93203,93203
2,93239,93239
1,93243,93243
1,93245,93245
2,93247,93247
1,93257,93257
1,93263-2741,93263
1,93280,93280
1,93292,93292
1,93307,93307
1,93308,93308
3,93309,93309
1,93314,93314
2,93405,93405
1,93420,93420
1,93422,93422
1,93427,93427
2,93436,93436
1,93437,93437
8,93446,93446
9,93454,93454
1,93514,93514
5,93534,93534
3,93535,93535
4,93536,93536
1,93546,93546
2,93550,93550
5,93551,93551
1,93552,93552
6,93555,93555
1,93560,93560
1,93560-7745,93560
1,93611,93611
2,93612,93612
1,93618,93618
1,93630,93630
2,93635,93635
1,93637,93637
3,93657,93657
1,93662,93662
1,93703,93703
2,93720,93720
1,93726,93726
1,93901,93901
1,93907,93907
2,93955,93955
1,93960,93960
1,93960-2975,93960
1,94025,94025
1,94043,94043
1,94044,94044
1,94061,94061
1,94080,94080
1,94085,94085
1,94087,94087
1,94102,94102
1,94117,94117
1,94124,94124
2,94304,94304
1,94403,94403
2,94501,94501
1,94513,94513
1,94520,94520
1,94526,94526
2,94533,94533
2,94534,94534
2,94536,94536
2,94538,94538
3,94541,94541
1,94544,94544
2,94545,94545
1,94549,94549
1,94550,94550
2,94551,94551
2,94553,94553
1,94556,94556
1,94558,94558
2,94560,94560
1,94565,94565
1,94565-7115,94565
1,94566,94566
3,94577,94577
1,94578,94578
1,94583,94583
2,94588,94588
1,94601,94601
1,94605,94605
1,94611,94611
1,94618,94618
3,94621,94621
1,94702,94702
1,94703,94703
1,94704,94704
1,94801,94801
2,94806,94806
1,94925,94925
3,95008,95008
1,95014,95014
1,95020,95020
2,95035,95035
1,95050,95050
2,95051,95051
1,95060,95060
2,95076,95076
1,95110,95110
3,95112,95112
1,95113,95113
1,95117,95117
1,95118,95118
2,95121,95121
1,95123,95123
1,95125,95125
1,95126,95126
1,95129,95129
1,95136,95136
1,95203,95203
1,95206,95206
2,95207,95207
1,95209,95209
1,95210,95210
1,95212,95212
1,95237,95237
1,95242,95242
1,95301,95301
1,95334,95334
1,95336,95336
1,95336-5007,95336
1,95337,95337
2,95348,95348
1,95350,95350
2,95351,95351
2,95354,95354
2,95355,95355
2,95356,95356
1,95357-0511,95357
6,95363,95363
1,95367,95367
1,95370,95370
1,95376,95376
3,95380,95380
2,95382,95382
1,95403,95403
1,95405,95405
1,95458,95458
1,95472,95472
1,95476,95476
5,95603,95603
1,95610,95610
1,95630,95630
1,95648,95648
1,95650,95650
1,95661,95661
7,95667,95667
1,95670,95670
2,95678,95678
1,95678-1937,95678
1,95682,95682
2,95687,95687
1,95691,95691
1,95713,95713
1,95747,95747
3,95776,95776
1,95815,95815
2,95821,95821
1,95824,95824
1,95825,95825
1,95826,95826
1,95831,95831
1,95834,95834
2,95842,95842
1,95843,95843
5,95901,95901
1,95928,95928
1,95945,95945
1,95948,95948
3,95965,95965
1,95969,95969
1,95993,95993
1,96002,96002
2,96021,96021
1,96130-4730,96130
1,96707,96707
2,96720,96720
2,96732,96732
2,96734,96734
1,96740,96740
1,96744,96744
1,96746,96746
1,96753,96753
2,96761,96761
1,96762,96762
2,96766,96766
1,96782,96782
2,96789,96789
2,96797,96797
4,96814,96814
1,96815,96815
4,96816,96816
2,96817,96817
1,96818,96818
4,96819,96819
3,96826,96826
2,97003,97003
3,97005,97005
1,97013,97013
3,97030,97030
1,97031,97031
1,97034,97034
1,97045,97045
1,97055,97055
1,97056,97056
1,97058,97058
2,97060,97060
1,97062,97062
3,97068,97068
1,97070,97070
1,97071,97071
3,97086,97086
1,97113,97113
2,97124,97124
4,97128,97128
1,97133,97133
2,97138,97138
1,97140,97140
1,97141,97141
2,97202,97202
1,97202-2166,97202
1,97203,97203
1,97205,97205
1,97209,97209
1,97211,97211
2,97214,97214
1,97216,97216
1,97218,97218
1,97219,97219
1,97219-4050,97219
1,97220,97220
2,97222,97222
5,97223,97223
1,97224,97224
1,97232,97232
1,97232-2014,97232
1,97233,97233
1,97236,97236
1,97266,97266
2,97267,97267
2,97301,97301
4,97303,97303
1,97305,97305
1,97306,97306
1,97317,97317
1,97321,97321
1,97333,97333
1,97355,97355
1,97361,97361
1,97381,97381
1,97386,97386
1,97391,97391
2,97401,97401
1,97402,97402
3,97420,97420
1,97424,97424
3,97477,97477
1,97478,97478
1,97479,97479
1,97501,97501
4,97502,97502
2,97504,97504
1,97526,97526
4,97601,97601
1,97603,97603
1,97702,97702
1,97741,97741
1,97754,97754
1,97756,97756
1,97814,97814
1,97850,97850
1,98001,98001
2,98002,98002
2,98003,98003
1,98006,98006
2,98027,98027
1,98030,98030
4,98032,98032
1,98032-1030,98032
2,98034,98034
2,98036,98036
1,98040,98040
1,98045,98045
1,98052,98052
1,98057,98057
1,98059,98059
1,98087,98087
1,98105,98105
1,98107,98107
1,98108,98108
1,98115,98115
1,98116,98116
2,98125,98125
1,98126,98126
3,98133,98133
1,98144,98144
1,98146,98146
1,98148,98148
1,98166,98166
1,98178,98178
2,98201,98201
2,98204,98204
1,98208,98208
2,98221,98221
1,98223,98223
2,98226,98226
6,98233,98233
1,98258,98258
2,98270,98270
4,98271,98271
2,98272,98272
1,98275,98275
1,98277,98277
2,98290,98290
1,98296,98296
1,98310,98310
2,98327,98327
1,98335,98335
1,98339-9411,98339
1,98354,98354
1,98360,98360
2,98362,98362
1,98368,98368
1,98371,98371
1,98373,98373
2,98382,98382
2,98383,98383
1,98387,98387
1,98390,98390
2,98391,98391
1,98404,98404
1,98408,98408
1,98409,98409
2,98444,98444
2,98466,98466
1,98499,98499
2,98501,98501
1,98502,98502
1,98503,98503
3,98516,98516
6,98520,98520
4,98531,98531
1,98532,98532
1,98550,98550
1,98579,98579
2,98597,98597
2,98604,98604
2,98632,98632
3,98662,98662
2,98665,98665
1,98674,98674
3,98683,98683
2,98684,98684
7,98801,98801
3,98802,98802
7,98837,98837
1,98841,98841
4,98901,98901
4,98902,98902
3,98903,98903
1,98922,98922
1,99004,99004
1,99019,99019
2,99037,99037
1,99205,99205
2,99206,99206
2,99208,99208
2,99212,99212
1,99216,99216
1,99218,99218
1,99224,99224
2,99301,99301
15,99336,99336
12,99352,99352
1,99403,99403
1,99501,99501
1,99502,99502
1,99503,99503
2,99504,99504
1,99515,99515
1,99577,99577
1,99611,99611
1,99669,99669
3,99701,99701
1,99709,99709
1,99801,99801
